Name,🔒 Row ID,Pages Group,Main image,Resource Image Title,Resource Description,Category,County,Demographic,County 2,County 3,🔒 Stacker ID,Link Cards Enabled?,Count in Analytics,Website,Telephone,Facebook Group,Facebook,Twitter,Tumbler,Youtube,Email,Address,Secondary Category,Instagram,Secondary Demographic,PP Website,Meetup,County 4
Adult Gay Male 18+ Friendship Circle,wS3PQcWURi-vUKg9n7rSyg,1,https://hosting.photobucket.com/images/i/lgbtqut/Encircle_Logo.png,false,"‍This friendship circle is for adults (18+) that identify as gay and male.

Friendship Circles? 

These groups are designed to provide a connection with folx you identify with and help you manage the trials you encounter every day. Friendship Circles create an opportunity for you to take control and thrive in your own life. Friendship Circles provide opportunities for sharing, connection, and support by discussing issues and experiences relevant to each group, often exploring the intersectionality of conservative cultures, spirituality, sexuality, social issues, transitional issues, and health issues and how it impacts us. The groups also provide a great support network—members in similar circumstances with similar feelings with whom they can share in an open and unedited fashion. 

Groups organized by sexuality, age, and/or gender identity.

For schedules and more information, please visit your nearest Encircle House website. ",Support Circles,Salt Lake County,Gay Men,Utah County,Washington County,ampwHfSF6iwAHCj2ge53py,false,false,,,,,,,,,,,,,,,
Advanced Awareness Counseling ,Feys3ZGoRG-upYBwcDRwjg,1,https://hosting.photobucket.com/images/i/lgbtqut/61148a83af542c52d9760291_196587-1724580-3_320x400.jpg,false,"We consist of a network of qualified mental health providers who have been selected for outstanding educational credentials, experience in the field, exceptional client care principles, high integrity, and expertise in particular areas of specialty.

Our various practitioners have proficiency in faith transitions, minority concerns, marriage counseling, couples counseling, family therapy, PTSD and trauma-related conditions (including EMDR therapy), generalized anxiety and social anxiety, gender dysphoria, gender and transgender specialized care, depression, suicide prevention, bipolar disorder, borderline personality disorder, adolescents and children, play therapy, sand tray therapy, anger management, grief and loss, and much more.

Our facility and our counselors are an ally to the LGBTQ+ community, and we provide support and affirming counseling for individuals of all orientations, identities, races, ethnicities, etc.

We specialize in working with gender non-conforming/transgender clients, including non-binary, gender questioning and/or exploring, and any and all identities along the spectrum.

Our gender therapists are trained in the WPATH (World Professional Association for Transgender Health) standards of care and engage in continual training via the LGBT Affirmative Therapists Guild of Utah and WPATH.

We are licensed by the Department of Human Services as a state and court-approved domestic violence and substance abuse provider, offering domestic violence assessments, domestic violence counseling, substance abuse assessments, and substance abuse counseling. 

We believe in helping our clients live authentically and by their own truth. Our team members are effective in identifying the underlying causes of your concerns and moving forward with a productive, results-oriented resolution along with supportive empathy. Our counselors are trained in suicide prevention and assessment. They have a deeply vested interest in helping anyone who has ever experienced suicidal ideation and many of the pains and burdens that come with that. 

Our staff is professional and open-minded and will not steer you down any rigid ""conventional"" path or with any pre-determined societal or religious boundaries. We are respectful of your uniqueness, and we are dedicated to helping you with your progression in a way that fits your unique personality, values, and expectations. 

We believe in advocating for our clients and will do everything in our power to do so!",Mental Health/Counseling,Salt Lake County,,Utah County,,Mybd6pMNZTBrBnFQpqKam8,false,false,advancedawarenesscounseling.com,(385) 455-3768,,,,,,,,,,,,,
Aromantic/Asexual Adult Friendship Circle,IqikfxE6ScuYfDS1mzcgtw,1,https://hosting.photobucket.com/images/i/lgbtqut/Encircle_Logo.png,false,"This friendship circle is for adults (18+) who identify on the spectrum of Aromantic/Asexual. ‍

Friendship Circles?

These groups are designed to provide a connection with folx you identify with and help you manage the trials you encounter every day. Friendship Circles create an opportunity for you to take control and thrive in your own life. Friendship Circles provide opportunities for sharing, connection, and support through discussion of issues and experiences relevant to each group, often exploring the intersectionality of conservative cultures, spirituality, sexuality, social issues, transitional issues, and health issues and the ways it impacts us. The groups also provide a great support network—members in similar circumstances with similar feelings with whom they can share in an open and unedited fashion.

Groups organized by sexuality, age, and/or gender identity.

For schedules and more information, please visit your nearest Encircle House website. ",Support Circles,Salt Lake County,Asexual,Utah County,Washington County,4q4A8TRf8JDHZVGknW6bEa,false,false,,,,,,,,,,,,,,,
Asexual/Aromantic Umbrella Mormons Online Community,XybNN39fTlquRKw5Bwnx8g,1,https://hosting.photobucket.com/images/i/lgbtqut/5f663c89dc4ac15aa61147df_novo-logo-afirma_o_n.png,false,An online community by Affirmation. For those within the asexual or aromantic umbrella.‍,Online Community,,Asexual,,,ZJM5FRb28Nhcome5TPNLkt,false,false,,,https://www.facebook.com/groups/130720233784404/,,,,,,,,,,,,
"Ben There, Done That",idG9YJCGSFy1Mbb7jNfxFw,1,https://storage.googleapis.com/glide-prod.appspot.com/uploads-v2/NSfaaNV0fRhAK9yZqEUi/pub/GOYdUbtbqiUsCSb70KcL.png,false,"""Questions from the Closet"" Co-Host Ben Schilaty's personal blog. He discusses his journey of staying active in the church and broadly sharing his life story as a gay Mormon.",Blog,,LDS,,,4937SDsAR79hbSrEaVnd66,false,false,benschilaty.blogspot.com,,,,,,,,,,,,,,
Bi/Pan Adults Friendship Circle,LTHYCav1RKa.N41aFE4wlg,1,https://hosting.photobucket.com/images/i/lgbtqut/Encircle_Logo.png,false,"This friendship circle is for adults (18+) who identify as bisexual or pansexual. 

Friendship Circles?
These groups are designed to provide a connection with folx you identify with and help you manage the trials you encounter every day. Friendship Circles create an opportunity for you to take control and thrive in your own life.

Friendship Circles provide opportunities for sharing, connection, and support through discussion of issues and experiences relevant to each group, often exploring the intersectionality of conservative cultures, spirituality, sexuality, social issues, transitional issues, and health issues and the ways it impacts us. The groups also provide a great support network—members in similar circumstances with similar feelings with whom they can share in an open and unedited fashion.

Groups organized by sexuality, age, and/or gender identity.

For schedules and more information, please visit your nearest Encircle House website. ",Support Circles,Salt Lake County,Bi/Pansexual,Utah County,Washington County,k7am6GxkwxEvkrw9SCASbD,false,false,,,,,,,,,,,,,,,
BW Bastian Foundation,itZMhomnTdS3yZMeahr.wQ,1,https://hosting.photobucket.com/images/i/lgbtqut/5f563d9be36f1b167826fa82_5f356c7856e21ab3badfc63b_BW_20Bastian.png,false,"The B.W. Bastian Foundation strives to build community and understanding by supporting local and national institutions. Financial support is directed to the Arts through educational outreach. A strong commitment is placed on programs and organizations that benefit, encourage, and preserve the rights of individuals, promote equality for the LGBTQ+ community and HIV/AIDS programs. The B.W. Bastian Foundation only supports organizations who wholeheartedly embrace the principle of equality. As such, each organization must include a statement specifically stating their commitment to equality for all Americans, including the gay and lesbian community, in their application.",Business ,,,,,QgJrJK9u6S8ZGAbZVQFpKW,false,false,bastianfoundation.org,,,,,,,,,,,,,,
BYU USGA,bxyxcGmkSES3tSvhUSG9LA,1,https://hosting.photobucket.com/images/i/lgbtqut/5f5637d8c04fcd0094f27b14_5f2d99dcfeb406f686539c20_USGA.jpeg,false,"Welcome to USGA! 

Understanding Sexuality, Gender, and Allyship (USGA) is an unofficial group of Brigham Young University students, faculty, and guests who wish to enhance the BYU community by providing a safe space for open, respectful conversation on LGBTQ & SSA topics. USGA is a place of refuge and our priority is to have compassion and to seek understanding through listening. Harassment or antagonism against any person or organization will not be tolerated. Members are asked to be mindful of USGA’s political neutrality and to be respectful of BYU, The Church of Jesus Christ of Latter-Day Saints, and the beliefs and experiences of others. In order to maintain a safe and welcoming environment, USGA supports its members in upholding the Honor Code, and expects all participants to be respectful of others’ names, pronouns, and identities. They encourage all not to make assumptions or ask others to unwillingly disclose their identity or beliefs. They also ask attendees to refrain from using USGA as a place for romantic or sexual pursuits.‍",,,,,,kn7rwZyS85PyErryK23Fg8,false,false,www.usgabyu.com,,,https://www.facebook.com/UsgaAtByu/,https://twitter.com/usgabyu,http://usgabyu.tumblr.com,https://www.youtube.com/user/byuitgetsbetter,byu.usga@gmail.com,"1230 Bulldog Ave. Provo, UT 84604",,,,,,
Cache Pride Center,YflgqyezRr-Hp3.MgLuANA,1,https://hosting.photobucket.com/images/i/lgbtqut/5f5633d7e36f1b64ac26e98c_5f358fc72b040487de0d14ba_Cache_20Pride.jpeg,false,"Cache Pride Center is a program of the Cache Valley Unitarian Universalists Church and is committed to transforming and supporting Lesbian, Gay, Bisexual, Transgender, Queer, Pansexual, plus (LGBTQIAP+) Cache Valley communities through support groups, comprehensive programming, suicide prevention, mentoring, community advocacy, and community training devised to promote positive outlooks and changes within underserved populations. 

- Groups: Cache Pride Center has groups/programs for preteens, teens, transgender individuals, & LGBTQ+ adults.
- Parent Support: We know it is important for LGBTQ+ persons to have support. Cache Pride Center offers parent support group services
- We offer have other services for those in need of food, clothing, hygiene items, and temporary housing/shelter. 
- We assist in finding health care and mental health professionals.",Pride Center,Cache County,,,,hQen5mBxUKnP6jJ7KpQLBw,false,false,cachepridecenter.org,,,https://www.facebook.com/CachePrideCenter/,,,,info@cachepridecenter.org,"596 E 900 N, Logan, UT 84321‍",Homeless,,,,,
CDC National Info Hotline,ym.DNrDaTFGdcpMYPnJi8w,1,https://hosting.photobucket.com/images/i/lgbtqut/5f5638fbca15840081e624c4_5f2e1292de355b3d44088f9a_CDC-Logo20Edited.jpeg,false,"CDC’s national health information hotline provides answers to your questions regarding HIV, how to protect yourself, and where to get an HIV test. In English, en Español, 8 am to 8 pm ET, Monday through Friday.",Wellness/Medical,,,,,jbHm8b6ymNdwZkwCHy3R6L,false,false,,1-888-232-6348,,,,,,,,,,,,,
Celebrate Therapy,wRpZolU.RYa7.8LL4j8NQg,false,https://storage.googleapis.com/glide-prod.appspot.com/uploads-v2/GLyS34gJTOtHtpGe05Cl/pub/kJF0rI9AnP2lEf9CYEfG.png,false,"Celebrate Therapy is the first clinic in Provo, Utah and the surrounding area that is owned and run by a team of queer clinicians. We work to support clients in becoming confident and supported in their own queerness. We’ll also work alongside family members who are working through how to support their queer loved ones. We are hoping to lead a transformational change Utah County and beyond!",Mental Health/Counseling,Utah County,,,,,true,false,https://www.celebratetherapy.org/,(801) 448-7712,,,,,,,"286 W. Center St, Provo, UT 84601",,https://www.instagram.com/celebratetherapy/,,,,
Cheer Salt Lake,n7PV3lEJRLOwkHZx5X49Qw,2,https://storage.googleapis.com/glide-prod.appspot.com/uploads-v2/GLyS34gJTOtHtpGe05Cl/pub/3rAsggbnYrS9JNUYX1pe.png,false,"Founded in 2011, Cheer Salt Lake raises funds and awareness for those living with life-challenging conditions in the LGBTQ community and beyond. We're an inclusive team that welcomes volunteers from all backgrounds and partners with a variety of community organizations in Salt Lake, Provo, and Ogden. We're a federal 501(c)3 non-profit and registered charity in the state of Utah.",Social Groups,Salt Lake County,,,,2AbCJN2no2fUtpC8uTFGQ3,false,false,cheersaltlake.org,(415) 745-0923,,https://www.facebook.com/cheersaltlake/,,,,info@cheersaltlake.org,,,https://www.instagram.com/cheersaltlake/,,,,
Children's Service Society of Utah,cwTKvQXGTPeQXY81zyYLZg,2,https://storage.googleapis.com/glide-prod.appspot.com/uploads-v2/vZEd46xUe6vz0E68sGvW/pub/khGexBFNlQHEJrkPEYeh.png,false,"Children’s Service Society of Utah empowers families and caregivers through services that support the safety and well-being of children. CSS is the oldest non-denominational child welfare and family support agency in Utah. Through the years Children’s Service Society has evolved its programs according to the needs of the children and families they serve in the community. Today Children’s Service Society of Utah empowers families and caregivers through services that support the safety and well-being of children. This is accomplished through these programs: Adoption, Grandfamilies Kinship Care, Care About Childcare and Utah Parents in Action, Home Visitation.",Professional Services,Salt Lake County,Families/Youth,,,,false,false,cssutah.org,801-355-7444,,https://www.facebook.com/ChildrensServiceSociety,,,,,"655 East 4500 South, Suite 200",,https://www.instagram.com/cssutah/,,,,
Cougar Pride,xwkyEW5LTH2fCtNfl2H-Tg,false,https://hosting.photobucket.com/images/i/lgbtqut/6205d999787f5a57c61009ba_a16184fe-a0be-400b-af1e-8217e8dde010.png,false,"Cougar Pride Center aims to empower queer BYU students, celebrate progress, and advocate for change through collaborative activism. Founded in 2021, we are a volunteer-run organization that strives to create community and care for LGBTQ+ individuals on campus.",College Resources,Utah County,LGBTQ Adult,,,,false,false,cougarpridecenter.org,,,https://www.facebook.com/cougarpridecenter,https://twitter.com/cougarpridectr,,,cougarpridecenter@gmail.com,,Student Organizations,instagram.com/cougarpridecenter,,,,
Creating Community - LGBTQ & Allies,7pp3DPUvSEKGajNY2s2KNA,3,https://hosting.photobucket.com/images/i/lgbtqut/6178b3b8a19f8b75c14f01be_Copy_of_Copy_of_Unnamed_Design.png,false,"A space for LGBTQ people and their loved ones. We are here to share a connection, friendship, and support. We have a get-together on the fourth Sunday of each month in Davis County, Utah.",FHE/Sunday Service,Davis County,LDS,,,6FXh6ekfvQkoHZeLKN55d5,false,false,,,,https://www.facebook.com/groups/1492727134249314/,,,,,,,,,,,
Damn These Heels,4mhrIN0DSJyuTPUo2tuBfA,3,https://hosting.photobucket.com/images/i/lgbtqut/5fac1405b22c78f75bed23ec_Damn_these_heels.jpg,false,"The annual film festival explores LGBTQ issues, ideas, and art through showcasing dramatic and documentary films from around the world. Damn These Heels remains a community focused, grassroots, locally-produced festival with strong community partnerships.",Publications/Media,,,,,AFRB3nKHXjVDDgEYfcAV3Y,false,false,https://www.utahfilmcenter.org/,,,,,,,,,,,,,,
Dixie State LGBTQ+ Resource Center,M780wDVXRTCbahEP3GXBUw,3,https://hosting.photobucket.com/images/i/lgbtqut/5fb1a52fdc2686a1709f58b6_Dixie_State_GSA.jpg,false,"Our mission is to promote understanding and acceptance for all individuals by education, activities, and service for the campus and larger community. The club provides support and social networking for all persuasions of people. We want to raise awareness about suicide rates and promote education of homosexuality and acceptance for equality in Saint George.

WHAT WE DO

The Resource Center empowers the LGBTQ+ people who are part of DSU’s community. Much of this comes from the simple act of providing information to everyone. Other parts of the center’s mission include scholarships, mentoring, promoting visibility and acceptance, and outreach. We create a space for students where they feel safe to gather, express themselves, discuss ideas, learn, and teach others. We work as a team to improve LGBTQ+ inclusion across campus.

- Education
- Safe Zone Training
- Mentoring Support
- Peer Support Groups
- LGBTQ+ Hosted Events
- Provide Resources (locally and nationally)
- Create Visibility
- Assist in finding LGBTQ+ scholarships
- Assist with filing name change documents or transition related documents
- And much more! (ask and we will help you with it)‍

Hours: Monday through Friday 11:30am-5pm",College Resources,Washington County,,,,oGDr7PdyLj3K4hfzhV64bJ,false,false,https://lgbt.dixie.edu/,435-652-7752,https://www.facebook.com/groups/dixiegsa/,,,,,lgbtq@dixie.edu,"261 S 900 E #207, St. George, UT 84770",Student Organizations,,,,,
Dragon Dads,cmtjNgreRdWFk--O4vXK0g,3,https://hosting.photobucket.com/images/i/lgbtqut/5f563220c13ff61101bfe559_5f2e131ed336660bfd9a8e26_Dragon_20Dads.png,false,"We fight to prevent teen suicide and to provide support and education to other fathers who want to show love and support for their LGBTQIA+ children.If you would like more information or would like to join, please click below to begin the process.",,,Parent,,,Saw3w3B6msNCaVvwRTzo6X,false,false,,,https://www.facebook.com/groups/dragondads/,,,,,,,,,,,,
Emmaus LGBTQ Ministry,Zvd.MoggSMeqRU76qbZg9g,3,https://hosting.photobucket.com/images/i/lgbtqut/351855910_643312370634812_3848817731976547444_n.png,false,"Emmaus fosters and supports ministry to and with LGBTQ individuals and their families in and adjacent to The Church of Jesus Christ of Latter-day Saints.

Emmaus is a community of heterosexual/cisgender and LGBTQ Latter-day Saints who are called to ministry for the safety, well-being and happiness of LGBTQ people in and adjacent to The Church of Jesus Christ.

We envision communities, congregations and families where LGBTQ individuals know they are cherished, where they are free from discrimination and inequality, where they are fully heard, understood and protected, and where their agency is respected.

We feel driven to do this work by our testimonies of the Gospel. We know there is a place in Christ’s Church and in our Heavenly Parents’ plan for every single one of us, and our hearts ache for the anguish caused by misunderstanding and lack of knowledge.

We believe that the way forward lies through relationship, connection and listening. We honor LGBTQ individuals’ courage, discernment process, and agency, and we are working for their nurture and support in every congregation, community and family. We want members and leaders of the Church to know LGBTQ individuals and to hear their stories. We want every LGBTQ individual to know that their contributions are indispensable, and to experience love in their church and in their families that is truly unconditional.

We recognize that real change takes time and requires patience. We know from experience the power of relationship to transform understanding. We are committed to a process that fosters connection, communication, learning, and empathy.",Online Community,,LDS,,,TYr6wP5mRFi9E2SGbtB4Sj,false,false,emmauslgbtq.org,,https://www.facebook.com/groups/emmauslgbtq/,,,,,,,,,Allies,,,
Encircle Provo,cJ00BaioRA-VPJPA8I.JGg,false,https://hosting.photobucket.com/images/i/lgbtqut/60fae9494cd60f1a5fb4331d_218384456_867797794136825_712167177273530856_n.png,false,,Pride Center,Utah County,Youth,,,,false,false,,,,,,,,,,,,,,,
Encircle Salt Lake,I.DpcfncSs-2oEGxiJF4ag,false,https://storage.googleapis.com/glide-prod.appspot.com/uploads-v2/NSfaaNV0fRhAK9yZqEUi/pub/JxMoQgrgY2YkgVnpnB07.png,false,,Pride Center,Salt Lake County,Youth,,,,false,false,,,,,,,,,,,,,,,
Encircle St. George,8nnixaVnSF-hsPNkuwt2dA,false,https://hosting.photobucket.com/images/i/lgbtqut/60fae9a7d3f1f71629a45f99_219479815_878659989722201_322750248107661649_n.png,false,,Pride Center,Washington County,Youth,,,,false,false,,,,,,,,,,,,,,,
Equality Utah,gpE2VUOtRGmhtpKu8RBEXA,4,https://hosting.photobucket.com/images/i/lgbtqut/5fb96adfcdd292cdcc7806c5_Equality_utah.png,false,"Equality Utah works to build a community where every Utahn is valued for being who they are regardless of sexual orientation or gender identity. We believe everyone in our state deserves to be treated with respect and understanding and to be afforded the same basic freedoms and opportunities as everyone else.

OUR VISION: A fair and just Utah. OUR MISSION: To secure equal rights and protections for lesbian, gay, bisexual, transgender and queer Utahns and their families.

OUR ISSUES: 
Nondiscrimination
LGBTQ Families
Victim Targeting
LGBTQ Youth
Transgender Utahns
Suicide Prevention",Education/Advocacy,Salt Lake County,,,,cm4cL9HE3Rax9XDp6VaAJN,false,false,equalityutah.org,801-355-3479,,https://www.facebook.com/EqualityUtah,https://twitter.com/EqualityUtah,,https://www.youtube.com/EqualityUtah/,info@equalityutah.org,"175 200 S #1004, Salt Lake City, UT 84101",,https://www.instagram.com/equalityutah/,,,,
Family Acceptance Project,m800StjxS4qBVsDklvyXAw,4,https://hosting.photobucket.com/images/i/lgbtqut/5f693891f8dc32460437cc17_Untitled_design_(2).png,false,"The Family Acceptance Project® is a research, intervention, education and policy initiative that works to prevent health and mental health risks for lesbian, gay, bisexual and transgender (LGBTQ) children and youth, including suicide, homelessness, drug use and HIV – in the context of their families, cultures and faith communities. We use a research-based, culturally grounded approach to help ethnically, racially and religiously diverse families learn to support their LGBTQ children.Our team has put research into practice by developing an evidence-based family model of wellness, prevention and care to strengthen families and promote positive development and healthy futures for LGBTQ children and youth. We provide training and consultation on our family-based prevention and intervention approach across the United States and in other countries.‍",Research,,Parent,,,Ar2Zxswa7kWFPqdjjqUJ5J,false,false,familyproject.sfsu.edu,,,,,,,fap@sfsu.edu,,,,,,,
Family Solutions Counseling,5XGNcHPvQ8atsvA5n5OFkw,4,https://hosting.photobucket.com/images/i/lgbtqut/6173206ad2718886817d3532_66262393_411908376084012_2964773000525643776_n.png,false,"LGBTQIAP+ ALLIED

Supporting you

As a practice that focuses on being inclusive and affirmative to the LGBTQIAP+ community, we have created this resource page with you in mind. While all of our therapists are accepting of LGBTQIAP+, those with particular experience and ability to be affirmative are listed here.

Autumn Abbott, MSWI

Beth Allred, CSW

Robin Hunt, LCSW

Rachel White, CSW

Evelyn Tovar, CSW-I

Skyler Taylor, CSW

Stacie Later, CSW

Lauren Harrigian, ACMH

Proud member of the LGBTQ-Affirmative Psychotherapist Guild of Utah Inc.  ",Mental Health/Counseling,Cache County,,,,,false,false,familysolutionsutah.org,435-799-5035,,https://www.facebook.com/familysolutionsutah/,,,,info@familysolutionsutah.org,"115 Golf Course Road Suite E Logan,UT 84321",,,,,,
Fathers in Affirmation Online Community,rYQDtR8EQCCv6ffZRcPsgg,4,https://hosting.photobucket.com/images/i/lgbtqut/5f663c89dc4ac15aa61147df_novo-logo-afirma_o_n.png,false,For those who are gay fathers or would be fathers.,Online Community,,Parent,,,eZiJkw6uhagBFSANAfzxTj,false,false,,,https://www.facebook.com/groups/470473746493580/,,,,,,,,,,,,
FHE for All Cache Valley,2.u53pD-QE-tRWNskcclLQ,4,https://hosting.photobucket.com/images/i/lgbtqut/5f564238b0505c3613b7d071_Untitled_design_(1).png,false,"A gathering of friends, family and individuals with ties to the LGBTQ community where we meet monthly to share in fellowship, song, and refreshment- FHE style. Our goal is to affirm faith and facilitate space for healing and encouragement for ALL: Allies, LGBTQ and Leaders of the Church of Jesus Christ of Latter-Day Saints here in Cache Valley. For information and access, please contact Jenny Mathews or Sue Hendricks below.",FHE/Sunday Service,Cache County,LDS,,,T8vQ2k9BoDdcuXrqg8ZEYn,false,false,,,,,,,,,,,https://instagram.com/fheforall_cachevalley?igshid=1hjkd3qn298x3,,,,
First Step House,zkWUDnDPTnS2fxG3GbQxRw,4,https://storage.googleapis.com/glide-prod.appspot.com/uploads-v2/vZEd46xUe6vz0E68sGvW/pub/DRDsngDiPDfs3mEHc9zx.png,false,"We offer a suite of patient-centered and evidenced-based programs that span a continuum of care across pre-treatment, treatment entry, recovery initiation, housing, employment, and long-term recovery management.",Mental Health/Counseling,Salt Lake County,,,,,false,false,https://firststephouse.org,801-359-8862 ext. 2129,,https://www.facebook.com/firststephouse,https://twitter.com/FirstStepHouse,,,,"440 E. 500 S Salt Lake City, Utah 84102",Homeless,,,,,
Flourish Therapy,eSeMeX7zQWCzbnQOytWJDw,4,https://hosting.photobucket.com/images/i/lgbtqut/5fa5e1cd79f25bc54ed2dd82_cropped-Copy-of-Flourish-Icon.png,false,"Flourish Therapy is a 501(c)(3) non -profit organization that provides subsidized therapy for LGBTQ clients and offers a wide variety of therapy options including: individual, couples, family and group counseling for all age groups, including short- and long-term counseling, crisis intervention, parent intervention, and support services with a focus on quality care for LGBTQ clients and their families. They finance more than 100 free sessions a month and 75% of their clients pay less than $50.00 per session. The clinical staff includes culturally competent licensed mental health practitioners, marriage and family therapists and counselors. Flourish works with several insurances, including Select Health, PEHP, EMI and DMBA.‍ Flourish Therapy is based in Utah county, with therapy services offered across, Utah, Davis, and Salt Lake counties.",Mental Health/Counseling,Utah County,,Davis County,Salt Lake County,64GoDhS2mbETTuyjhCqyki,false,false,flourishtherapy.org,385-309-1038,,https://www.facebook.com/flourishtherapyinc/,,,,info@flourishtherapy.org,"1426 E 820 N, Orem, UT 84097",,,,,,
Food & Friends Cache Valley,PoD.2Pv7SOCsrclEza7j1g,4,https://hosting.photobucket.com/images/i/lgbtqut/5f5634b6386cb4186df1b6ee_5f2e13894563bb3639285413_Food20Friends20Edited.jpeg,false,"We are a gay men's social group in the Cache Valley that meets monthly for dinner, conversation, board games, and/or movie nights. We meet on 2nd Saturday of every month at 6 PM either at a local restaurant (different restaurant each month) or at a member's house for potluck dinner. Join us to try food from different restaurants in Cache Valley while making new friends or catching up with old ones.We welcome all gay/bi/trans men, 18 yrs and up. We don't have to be residents of Cache Valley as we have friends from SLC that had attended our gatherings. We are a friendly, supportive and are nonjudgmental group of like-minded men who like trying different cuisines and have fun socializing. We ask that everyone be respectful as some of our members may not be ""out"".",Social Groups,Cache County,Gay Men,,,kNK47asR8t2hhnCvTEuT7z,false,false,,,,https://www.facebook.com/groups/loganfoodandfriends/,,,,,,,,,,,
For The Strength of LGBTQ & SSA Youth Online Community,nusCmgC.TViJNbIBViQlUQ,4,https://hosting.photobucket.com/images/i/lgbtqut/5f663c89dc4ac15aa61147df_novo-logo-afirma_o_n_(1).png,false,"The Facebook page listed below is a portal for the For the Strength of LGBTQ/SSA Youth Facebook group which is ""Secret."" The group is specifically for straight and LGBTQ/SSA LDS youth ages 12-18 to support one another and is moderated by LDS youth with the supervision of a few straight/cis parents and two LDS therapists. ‍If you are a youth age 12-18 and would like to join, leave a message with the page or email below.",Online Community,,Youth,,,5MBexVCCXMRrtxBy4iGrkg,false,false,,,,https://www.facebook.com/pages/For-the-Strength-of-LGBTQ-SSA-Youth/1454433078181817,,,,fsymod@gmail.com,,,,,,,
Fourth Street Clinic,IF-R53t2QQGmsJJdDu5uag,4,https://hosting.photobucket.com/images/i/lgbtqut/61148eb234645f19f9e35c8f_fourth.jpg,false,,Wellness/Medical,Salt Lake County,,,,5vZegs4maSc7gdpVEcMBbq,false,false,fourthstreetclinic.org,801-364-0058,,https://www.facebook.com/FourthStreetClinic/,https://twitter.com/4thStreetClinic,,https://www.youtube.com/user/fourthstreetclinic,info@fourthstreetclinic.org,"409 West 400 South, Salt Lake City, Utah 84101",Homeless,https://www.instagram.com/4thstreetclinic/,,,,
Full Circle Wellness Center,VMbAOidgTdyaYXNUhVsc5Q,4,https://hosting.photobucket.com/images/i/lgbtqut/5fb544bc0c4524dde879ec03_74620919_150459412994725_5498206812085682176_o_(1).png,false,"Full Circle Wellness Center host various monthly LGBTQ events at their center including yoga meetups, business cultural competency trainings, potlucks, etc. Full Circle Wellness Center is also an LGBTQ friendly business offering Ionic foot detox baths, reiki, foot zoning, light therapy, wellness related classes, meditation circles, nutritional therapy, message, tarot reading and health/wellness products. ",Social Groups,Cache County,,,,9KsDnmZEpUyrVoRm5MYbZX,false,false,,435-720-1096,,https://www.facebook.com/fullcirclewellnessutah/?ref=page_internal,,,,fullcirclewellnesscenter.ut@gmail.com,"60 S Main St Suite 101, Brigham City, UT 84302",,,,,,
Full Spectrum Coaching,hNoTLhsfRay9lR0usGZayw,4,https://hosting.photobucket.com/images/i/lgbtqut/61781f7497015f3f2397a810_Copy_of_Unnamed_Design.png,false,,Professional Services,Salt Lake County,,Utah County,,,false,false,,801-872-3394,,,,,,trh.fullspectrumcoaching@gmail.com,,Professional Services,https://www.instagram.com/coach_tay1/,,,,
Gay Latter Day Saint Crossroads,EzWOzMFwQ9CsQCcRifnN3Q,4,https://hosting.photobucket.com/images/i/lgbtqut/60b4fe32eacdd873063e6ff4_Gay_Latter-Day_Saint_Crossroads.png,false,"Evan Smith believed the anti-gay messages he heard in church during his childhood, which contributed to some negative experiences on his mission in San Francisco. Later, as a bishop and then a counselor in a stake presidency,his heart softened as church members came to him seeking guidance about feeling attracted to others of the same gender. Evan’s investigating and study became personal when his own son came out as gay.In this navigable e-book, Evan tackles the issues with a lawyer’s mind and a penetrating analysis of scriptures and church doctrine. He addresses such questions as these: “What insights apply from the end of polygamy and the racebased priesthood/temple ban?” “Why do I stay in the church?” and, most importantly, “What words are hurtful/helpful to LGBTQ people and their families?”",,,LDS,,,XB9M7mDC68X6kDoAF5wJUZ,false,false,https://www.gayldscrossroads.org/,,,https://www.facebook.com/GayLDSCrossroads/,,,,contact@gayldscrossroads.org,,,,,,,
GB: Parents of Trans Kids (On Hiatus),Rr5NUCyeT7KNHsQFr67Xbw,4,https://hosting.photobucket.com/images/i/lgbtqut/5f2b30c0782f831652b5c0a7_Genderbands.png,false,"Hey there, friends. Genderbands has an announcement. 

We are taking a temporary hiatus from most of our services so we can come back stronger and better equipped to meet the needs of our beloved transgender community. We know this may feel disappointing to some of you, but we are committed to our mission of helping transgender people pay for transition-related costs, and pausing to regroup is a necessary step in continuing our work. Here are a few things you can expect during our hiatus:
 
Grant applications will open in the Fall of 2023, and the next grant recipients will be announced in 2024.
Our retail store will continue to operate on a limited basis.
We are no longer accepting new applications for our free binder program, but we will do our best to honor all applications we have already received. 
Email response time will be slower than typical during the hiatus.
You will still find our table at several events in 2023. Come and say hello! 
 
Thank you all for the love and support you offer to Genderbands as an organization. We couldn’t do what we do without you!
​
​
For the most recent updates please click below to see their Hiatus update webpage.",Support Circles,Utah County,Parent,,,KNnpw6CoU4Z5tsJTgG7Zy3,false,false,genderbands.org/hiatus,,,,,,,,,,,Trans,,,
GB: Saturday Socials (On Hiatus),Z21p3SgKQOCJranjwa6qeQ,4,https://hosting.photobucket.com/images/i/lgbtqut/5f2b30c0782f831652b5c0a7_Genderbands.png,false,"Hey there, friends. Genderbands has an announcement. 

We are taking a temporary hiatus from most of our services so we can come back stronger and better equipped to meet the needs of our beloved transgender community. We know this may feel disappointing to some of you, but we are committed to our mission of helping transgender people pay for transition-related costs, and pausing to regroup is a necessary step in continuing our work. Here are a few things you can expect during our hiatus:
 
Grant applications will open in the Fall of 2023, and the next grant recipients will be announced in 2024.
Our retail store will continue to operate on a limited basis.
We are no longer accepting new applications for our free binder program, but we will do our best to honor all applications we have already received. 
Email response time will be slower than typical during the hiatus.
You will still find our table at several events in 2023. Come and say hello! 
 
Thank you all for the love and support you offer to Genderbands as an organization. We couldn’t do what we do without you!
​
​
For the most recent updates please click below to see their Hiatus update webpage.",Social Groups,Utah County,Trans,,,DRkR9ACYBqTzSLW7riqY6V,false,false,genderbands.org/hiatus,,,https://www.facebook.com/genderbands/,https://twitter.com/genderbands,,,,,,https://www.instagram.com/genderbands/,,,,
GB: Trans 18+ (On Hiatus),IWloZ3nDTwygP2LcA2KA2g,4,https://hosting.photobucket.com/images/i/lgbtqut/5f2b30c0782f831652b5c0a7_Genderbands.png,false,"Hey there, friends. Genderbands has an announcement. 

We are taking a temporary hiatus from most of our services so we can come back stronger and better equipped to meet the needs of our beloved transgender community. We know this may feel disappointing to some of you, but we are committed to our mission of helping transgender people pay for transition-related costs, and pausing to regroup is a necessary step in continuing our work. Here are a few things you can expect during our hiatus:
 
Grant applications will open in the Fall of 2023, and the next grant recipients will be announced in 2024.
Our retail store will continue to operate on a limited basis.
We are no longer accepting new applications for our free binder program, but we will do our best to honor all applications we have already received. 
Email response time will be slower than typical during the hiatus.
You will still find our table at several events in 2023. Come and say hello! 
 
Thank you all for the love and support you offer to Genderbands as an organization. We couldn’t do what we do without you!
​
​
For the most recent updates please click below to see their Hiatus update webpage.",Support Circles,Utah County,Trans,,,3QRZiJmYBK27XYMFwZsgH9,false,false,genderbands.org/hiatus,,,,,,,,,,,,,,
GB: Trans Over 40 (On Hiatus),KZCytj68RrOkhVkuwXvM2Q,4,https://hosting.photobucket.com/images/i/lgbtqut/5f2b30c0782f831652b5c0a7_Genderbands.png,false,"Hey there, friends. Genderbands has an announcement. 

We are taking a temporary hiatus from most of our services so we can come back stronger and better equipped to meet the needs of our beloved transgender community. We know this may feel disappointing to some of you, but we are committed to our mission of helping transgender people pay for transition-related costs, and pausing to regroup is a necessary step in continuing our work. Here are a few things you can expect during our hiatus:
 
Grant applications will open in the Fall of 2023, and the next grant recipients will be announced in 2024.
Our retail store will continue to operate on a limited basis.
We are no longer accepting new applications for our free binder program, but we will do our best to honor all applications we have already received. 
Email response time will be slower than typical during the hiatus.
You will still find our table at several events in 2023. Come and say hello! 
 
Thank you all for the love and support you offer to Genderbands as an organization. We couldn’t do what we do without you!
​
​
For the most recent updates please click below to see their Hiatus update webpage.",Support Circles,Utah County,Trans,,,EjQMrjWRdLP7g2H3shx3n3,false,false,genderbands.org/hiatus,,,,,,,,,,,,,,
GB: Trans Youth (On Hiatus),gTdyVzWvRUW6K9bc-gAFPA,4,https://hosting.photobucket.com/images/i/lgbtqut/5f2b30c0782f831652b5c0a7_Genderbands.png,false,"Hey there, friends. Genderbands has an announcement. 

We are taking a temporary hiatus from most of our services so we can come back stronger and better equipped to meet the needs of our beloved transgender community. We know this may feel disappointing to some of you, but we are committed to our mission of helping transgender people pay for transition-related costs, and pausing to regroup is a necessary step in continuing our work. Here are a few things you can expect during our hiatus:
 
Grant applications will open in the Fall of 2023, and the next grant recipients will be announced in 2024.
Our retail store will continue to operate on a limited basis.
We are no longer accepting new applications for our free binder program, but we will do our best to honor all applications we have already received. 
Email response time will be slower than typical during the hiatus.
You will still find our table at several events in 2023. Come and say hello! 
 
Thank you all for the love and support you offer to Genderbands as an organization. We couldn’t do what we do without you!
​
​
For the most recent updates please click below to see their Hiatus update webpage.",Support Circles,Utah County,Trans,,,XwPDcW6AT5SUpAdcB5ZA9z,false,false,genderbands.org/hiatus,,,,,,,,,,,Youth,,,
GEM Stories,q-x2k1OPTvKlY9WUj-pdBw,4,https://uploads-ssl.webflow.com/5f2ad784e8fae48bcf796a04/60b3adc5e891222c2577c5c2_GEM%20Stories.jpg,false,"GEM Stories seeks to amplify the voices of gender-expansive Mormons: Latter-day Saints or those adjacent to it, who are also transgender, agender, genderqueer, non-binary, intersex, two-spirit, or otherwise not cisgender.

This space cultivates support for those of us who are grappling, or have grappled, with tension between our genders, and the doctrines, teachings, and behaviors of LDS Church leaders and members. We acknowledge the unique joys and pains that come with existing in any capacity as a GE Mormon, and we affirm the spiritual paths and individual agency of every gender-expansive person.

Our hope is that in getting to know us better, LDS leaders and members can gain a greater understanding of how to minister to and love their GE siblings— and that other GE individuals will know that they aren't alone.",Blog,,Trans,,,3hqZgNjxwu6ECj6prXGswE,false,false,https://gemstories.org/,,,https://www.facebook.com/gemormons,https://twitter.com/gem_stories,https://genderexpansivemormons.tumblr.com/,,transgenderdaysaints@gmail.com,,,http://instagram.com/gemormons,,,,
GenderBands (On Hiatus),1uBU7A3hQA2KpVGRZm6wxA,4,https://uploads-ssl.webflow.com/5f2ad784e8fae48bcf796a04/5f563c0c8e3cdf1ccfad3d7b_5f2b30c0782f831652b5c0a7_Genderbands.png,false,"Hey there, friends. Genderbands has an announcement. 

We are taking a temporary hiatus from most of our services so we can come back stronger and better equipped to meet the needs of our beloved transgender community. We know this may feel disappointing to some of you, but we are committed to our mission of helping transgender people pay for transition-related costs, and pausing to regroup is a necessary step in continuing our work. Here are a few things you can expect during our hiatus:
 
Grant applications will open in the Fall of 2023, and the next grant recipients will be announced in 2024.
Our retail store will continue to operate on a limited basis.
We are no longer accepting new applications for our free binder program, but we will do our best to honor all applications we have already received. 
Email response time will be slower than typical during the hiatus.
You will still find our table at several events in 2023. Come and say hello! 
 
Thank you all for the love and support you offer to Genderbands as an organization. We couldn’t do what we do without you!
​
​
For the most recent updates please click below to see their Hiatus update webpage.",Support Organization,Utah County,Trans,,,6SA8VrRsR4YrDycLrZiyqN,false,false,genderbands.org/hiatus,,,https://www.facebook.com/genderbands/,https://twitter.com/genderbands,,,,"51 West Center St #341 Orem, UT 84057, USA",,https://www.instagram.com/genderbands/,,,,
Give Back Utah,7l6IJOCVQ36p0vTUqign-w,4,https://storage.googleapis.com/glide-prod.appspot.com/uploads-v2/vZEd46xUe6vz0E68sGvW/pub/KfklHmeIDHSnwgQWgqoS.jpeg,false,We are a local volunteer service looking to have others join our team to lend a hand to those in need. Our hope is to assist these people who want to become self sufficient and take back control of their lives.,Homeless,Utah County,Adults,Salt Lake County,,,false,false,givebackutah.org,,,https://www.facebook.com/profile.php?id=100068836710139,,,,info@givebackutah.org,,,,,,,
GLSEN Northern Utah,fFjyRknJQeWruTArbh7m0w,4,https://uploads-ssl.webflow.com/5f2ad784e8fae48bcf796a04/61148f6c505200cfe17c02e1_default-share-img--facebook.jpg,false,"GLSEN Northern Utah is a chapter of GLSEN, a national organization fighting for every student’s right to a safe, supportive education. 

GLSEN Northern Utah is a grassroots initiative, working locally in our community to ensure safe schools for all students, regardless of sexual orientation and gender identity. There are 43 Chapters around the country doing this important work. Join us today!
Our chapter supports students and educators locally, organizes around LGBTQ-affirming public policy, plans teacher trainings, and hosts events for students, educators, parents, and allies. Chapters like ours play an important role in bringing GLSEN’s programs and visions to right where we live, work, and learn. While some chapters have full-time or part-time staff, most are entirely volunteer-based. We're always looking for new volunteers to help us ensure safe schools for all students. 
",Education/Advocacy,,,,,Um8SdsLmi9gnBTjij3RQnp,false,false,https://www.glsen.org/chapter/northern-utah,,,https://www.facebook.com/GLSEN,https://twitter.com/glsen,https://glsen.tumblr.com/,https://www.youtube.com/glsen,,,,https://www.instagram.com/glsen/,,,,
Health Insurance Provider Search,t95Nf0c-StWlc7-TDxI-mw,,https://uploads-ssl.webflow.com/5f2ad784e8fae48bcf796a04/61148fb34b7aa72bda794aeb_2017-01-13-health-insurance.jpg,false,Use the following links below to find in-network providers within your health insurance plan.,Wellness/Medical,,,,,SZQWpJ6TNASWXfwQeXtbzC,false,false,,,,,,,,,,Mental Health/Counseling,,,,,
Help Me Flourish: Parent and Caregiver Support Group,V4bYF3FVTr-F5DKdqFGrrg,5,https://uploads-ssl.webflow.com/5f2ad784e8fae48bcf796a04/5fa5e1cd79f25bc54ed2dd82_cropped-Copy-of-Flourish-Icon.png,false,"Christine Hubbard, Social Work Associate at Flourish Therapy, hosts an educational support group for parents and caregivers of LGBTQIA youth. 6 Topics. 1.5 hours a week to talk and learn. Need support and knowledge? Register below!

 Topics include: 

1- Basics of Gender and Sexual Identity

2- Body Image and Development of Self Esteem

3- How to Talk to Your LGBTQIA Kids About Sex

4- Helping Your Kids Build a Support Network 

5- Coping As Parents",Support Circles,Utah County,Parent,Davis County,Salt Lake County,Wzd5Ehhq7Lq3Ar46YhcDsa,false,false,https://forms.gle/PMF12zzE2d8Hok9c6,,,,,,,,,,,,,,
Human Rights Campaign,XG6AVndmTUO8j0iKydsJ7g,5,https://uploads-ssl.webflow.com/5f2ad784e8fae48bcf796a04/5fa5e290c79d7b80376e57fa_unnamed.jpg,false,"Our Mission: By inspiring and engaging individuals and communities, the Human Rights Campaign strives to end discrimination against LGBTQ people and realize a world that achieves fundamental fairness and equality for all. HRC envisions a world where lesbian, gay, bisexual, transgender and queer people are ensured equality and embraced as full members of society at home, at work and in every community.",Education/Advocacy,Salt Lake County,,,,diKPDJJhkSuiGmAgw9fWDB,false,false,utah.hrc.org,202-628-4160,,https://www.facebook.com/hrc.utah/,https://twitter.com/hrc_ut,,,hrcutahvolunteers@gmail.com,,,https://www.instagram.com/hrcutah/,,,,
I'll Walk With You,OKfOHoTfSiGAlgDpMZKfCg,5,https://uploads-ssl.webflow.com/5f2ad784e8fae48bcf796a04/5f5637d9d20ccc0db6248ac1_5f2c881346237b6a67ee1976_I%2527ll%2520Walk%2520With%2520You.jpeg,false,"These videos were created for Latter-day Saint parents and allies to voice their love for their LGBT brothers and sisters, sons and daughters. They want to give a message of comfort and support to other parents who are navigating the difficult conflicts that can arise in families around this issue. Each video offers a unique perspective, but all of the participants are united in a concern for individuals and families who might be struggling and even suffering because of misunderstandings. The participants are also united in the belief that their LDS religion offers them the tools to resolve these problems in a way that allows for health and growth of each member of the family and preserves the unity and strength of family bonds. Most of these families are also willing to communicate with parents and individuals who are looking for advice and support. If you are new to this issue or if you feel alone or isolated and need to talk to a Mormon parent who has gone through these experiences, please send us an email.",Video Project,,LDS,,,CFSL4wbgNBrbmDrgR7qSjn,false,false,ldswalkwithyou.org,,,,,,,,,,,,,,
It Gets Better,O4ddJ23.TSayjrxRmY6xWA,5,https://uploads-ssl.webflow.com/5f2ad784e8fae48bcf796a04/5f5637d8c04fcd0094f27b14_5f2d99dcfeb406f686539c20_USGA.jpeg,false,"In 2012, gay BYU students from the Understanding Same-Gender Attraction (USGA) group created the “It Gets Better” video series in order to promote conversation and understanding for those with same-sex attraction on campus. Kendall Wilcox, a former employee at BYUtv and (at the time) member of the USGA stated “The primary intent [of the video] was to just send a message of love, hope and community to LGBT Mormon youth who are at their most vulnerable, who may be questioning their self-worth and their status before God. . . We want this video to send the message that there is hope, they have a future, there is hope for love and happiness in the future.”‍",Video Project,,,,,JjocBMbmVJzMzy4a2Jk983,false,false,usgabyu.com/it-gets-better,,,,,,,,,,,,,,
Journeys of Faith,2QmWtOiDTaKH5.EN6P6aAA,5,https://uploads-ssl.webflow.com/5f2ad784e8fae48bcf796a04/5fb495d33c18f3515b791d62_north%20star.jpg,false,"The Journeys of Faith Project features the personal stories of Latter-day Saint individuals and families addressing gender identity or transgenderism who are striving to find congruence and peace within the context of faith in the gospel of Jesus Christ.

Their stories allow each of us a glimpse into their inner experience, inviting us into a place of greater awareness and empathy for an aspect of the human experience so personal and poignant to some of our brothers and sisters. As they struggle to address a difficult and complex issue with few answers, and as we walk with them on their personal journeys, they remind us what it means to live by faith.",Blog,,LDS,,,4gF3m2kzjtnY7er48mPQEF,false,false,https://t2m.io/journeys-of-faith,,,,,,,,,,,,,,
Journeys Online Community,VVjJg745R6CCN1.wpEdckQ,5,https://hosting.photobucket.com/images/i/lgbtqut/5f663c89dc4ac15aa61147df_novo-logo-afirma_o_n.png,false,"Affirmation Journeys is a group oriented toward LGBTQIA, their families, and allies who are transitioning out of Mormon orthodoxy, as well as former Mormons. We welcome everybody, but the discussions will be from a perspective of those who are either Mormons undergoing a faith transition, unorthodox Mormons, non-believing Mormons or former Mormons. The group will be open to all topics of particular interest to this community, but it will have a particular goal of helping people move forward in healthy productive ways as they proceed during or following a faith transition.‍",Online Community,,,,,C2ArQnGHF5JRJT8MjGykum,false,false,,,https://www.facebook.com/groups/572382942892407/,,,,,,,,,,,,
Lesbian Adults Friendship Circle,6uBFwWk3T7qAy0-5pteinQ,5,https://hosting.photobucket.com/images/i/lgbtqut/Encircle_Logo.png,false,"This friendship circle is for adults (18+) who identify as lesbian. 

Friendship Circles?
These groups are designed to provide connection with folx you identify with and help you manage the trials you encounter every day. Friendship Circles create an opportunity for you to take control and thrive in your own life.

Friendship Circles provide opportunities for sharing, connection, and support through discussion of issues and experiences relevant to each group, often exploring the intersectionality of conservative cultures, spirituality, sexuality, social issues, transitional issues, and health issues and the ways it impacts us. The groups also provide a great support network—members in similar circumstances with similar feelings with whom they can share in an open and unedited fashion.

Groups organized by sexuality, age, and/or gender identity.

For schedules and more information please visit your nearest Encircle House website. ",Support Circles,Salt Lake County,Lesbian,Utah County,Washington County,8rju5wSogWiQqLMjiZEaSn,false,false,,,,,,,,,,,,,,,
LGBT Mormon People of Color and Allies Online Community,JP7DRTkJSGiqIYer096OkA,5,https://hosting.photobucket.com/images/i/lgbtqut/5f663c89dc4ac15aa61147df_novo-logo-afirma_o_n.png,false,"The Affirmation: LGBT Mormons, Families, and Friends People of Color and Allies Group is a group of self-identified people of color and allies gathered to explore multiple identities and the intersections of race/ethnicity, sexual orientation, gender identity, and LDS faith.",Online Community,,QPOC,,,6zuxt2wjyU6GMphoprmfdQ,false,false,,,https://www.facebook.com/groups/134166980037744/,,,,,,,,,,,,
LGBTQ & Allied Lawyers of Utah,c81ITvxyT5-mmeS32NNT4w,5,https://uploads-ssl.webflow.com/5f2ad784e8fae48bcf796a04/5f5633381f80e62355331c42_5f36a85aa8337617b7ec894a_LGBTQ%2520Allied%2520Lawyers%2520of%2520Utah.png,false,"LGBT & Allied Lawyers of Utah is a group of lawyers serving lawyers. We are an association of the Utah State Bar and an affiliate of the National LGBT Bar Association. Our mission is to use education and advocacy to promote and support the rights of LGBT people within the legal profession and throughout Utah.We are sometimes contacted by people who are seeking legal advice or looking to hire an attorney who specializes in LGBTQ issues. We have created this directory to assist these potential clients. The attorneys listed below represent clients on LGBTQ issues. While we believe this is an excellent list, we have not verified any of the information they provided. We list every attorney who requests to be added.",Professional Services,,,,,Cg4sQ7pVx2GgcA8VTXAWzw,false,false,https://t2m.io/lgbt-and-allied-lawyers-of-utah,,,,,,,,,,,,,,
LGBTQ Adult Friendship Circle,rMsGLPWHQUi2OJEvDGLSIQ,5,https://hosting.photobucket.com/images/i/lgbtqut/Encircle_Logo.png,false,"This friendship circle is for adults (25+) that identify as LGBTQ+.

Friendship Circles?
These groups are designed to provide connection with folx you identify with and help you manage the trials you encounter every day. Friendship Circles create an opportunity for you to take control and thrive in your own life.

Friendship Circles provide opportunities for sharing, connection, and support through discussion of issues and experiences relevant to each group, often exploring the intersectionality of conservative cultures, spirituality, sexuality, social issues, transitional issues, and health issues and the ways it impacts us. The groups also provide a great support network—members in similar circumstances with similar feelings with whom they can share in an open and unedited fashion. 

Groups organized by sexuality, age, and/or gender identity.

For schedules and more information please visit your nearest Encircle House website.
",Support Circles,Salt Lake County,LGBTQ Adults,Utah County,Washington County,b2qNsZGUb77wDTiMcbBPxG,false,false,,,,,,,,,,,,,,,
LGBTQ Affirmative Therapist Guild of Utah,m2kG6ztITCafO6zAT5qX-A,5,https://uploads-ssl.webflow.com/5f2ad784e8fae48bcf796a04/5fbd5b121c01c36c2e81264c_Therapists%20guild.png,false,"The LGBTQ-Affirmative Psychotherapist Guild of Utah is a Utah-based, grassroots organization of licensed mental-health professionals and students-in-training. We share a collaborative commitment to make affirmative culturally competent therapy available for anyone.The Guild believes that all individuals and families deserve mental health services that affirm sexual and gender diversity. To this end, we provide innovative and affirmative training to mental health professionals and trainees grounded in values of cultural humility, social advocacy, collaboration, and inclusivity. We believe this work honors and celebrates the lived experiences of sexual and gender diverse individuals, families, and communities while promoting justice and dignity.‍LGBTQ Affirming Therapist DirectoryA directory of self-reported LGBTQ Affirmative therapists in Utah. <a href=""http://www.lgbtqtherapists.com/directory.html"" target=""_blank"">http://www.lgbtqtherapists.com/directory.html</a>‍Other Services<em>Run CE Programs: Our Leaderships Team develops ideas for training based on community need and professional resources. We organize, plan, schedule and run 18 CE hours a year, including a bi-annual ethics program where you can earn the 6 hours of required ethics CEs for the two-year licensing cycle.<em>Organize Political Actions: The Guild participates in community events such as the Pride Parade and other community based social justice actions.<em>Provide Community Training: Members of the guild provide training and resources to interested community partners in an effort to raise awareness and skills in the broader Utah region.",Mental Health/Counseling,,,,,nXeYg9hwj6MHbnsXBSuHz9,false,false,https://t2m.io/lgbtq-therapists-guild,(385) 355-0965,,https://www.facebook.com/LGBTQATGU/,,,,robin@lgbtqtherapists.com,,,,,,,
"LGBTQ and Allies in Wards, Stakes and Missions",5T.ks.E7Rfq7ZW.4gS5bBQ,5,https://uploads-ssl.webflow.com/5f2ad784e8fae48bcf796a04/612ad970e84a8fdb08668d72_Untitled%20design%20(6).png,false,"This is a group of active Latter-day Saints (LGBTQ, Allies and Local Leaders) who are working in Ward, Stake, Seminaries and Institutes, Church Schools, or Mission Leadership to put together LGBTQ meetings, firesides, FHEs, materials, class discussions, Church talks, etc.

The purpose is to share ideas, materials, approaches, events so that each person does not feel they are starting from scratch or alone in their efforts.
President Ballard asked us to council together—and this virtual group gives us a chance to do that—and come up with the right plan/approach for your area of influence.
It is not a place to debate Church doctrine or policy.

Posts not focused on this topic will be removed (sorry my friends, but really want to keep the focus on the mission statement).
You are welcome to invite others to the group. Remind them to answer the two questions that are required to join the group (active LDS and follow group mission).

Thank you,
Richard Ostler🙏",Online Community,,LDS,,,,false,false,,,https://www.facebook.com/groups/1433556613672143,,,,,,,,,,,,
LGBTQ Youth Friendship Circle,hfF.2JO2Sv2zJDCh-AJFTw,5,https://hosting.photobucket.com/images/i/lgbtqut/Encircle_Logo.png,false,"This friendship circle is for LGBTQ+ youth between the ages of 12-17.

Friendship Circles?
These groups are designed to provide connection with folx you identify with and help you manage the trials you encounter every day. Friendship Circles create an opportunity for you to take control and thrive in your own life.

Friendship Circles provide opportunities for sharing, connection, and support through discussion of issues and experiences relevant to each group, often exploring the intersectionality of conservative cultures, spirituality, sexuality, social issues, transitional issues, and health issues and the ways it impacts us. The groups also provide a great support network—members in similar circumstances with similar feelings with whom they can share in an open and unedited fashion.

Groups organized by sexuality, age, and/or gender identity.

For schedules and more information please visit your nearest Enricle House website.",Support Circles,Salt Lake County,Youth,Utah County,Washington County,iJ3YEu74CcPvhU69XAJtX3,false,false,,,,,,,,,,,,,,,
LGBTQ+ Workplace Education Center,9ag3Ln6RSQ6ssduiLol-MQ,5,https://uploads-ssl.webflow.com/5f2ad784e8fae48bcf796a04/60b40d3855e085624f5b4c33_44395299_349313352496545_6980696748045893632_n.png,false,"We help you create inclusive spaces where LGBTQ employees can thrive. LGBTQ+ cultural competency training on demand through e-learning courses. Diversity and inclusion training for your entire team has never been easier!

",Education/Advocacy,Washington County,Allies,,,PWwm7JbHXna7jWv7gnHc7J,false,false,lgbtqworkplace.com,,,https://www.facebook.com/lgbtq.education.center/,,,,info@lgbtqworkplace.com,,,https://www.instagram.com/lgbtq_workplace/,,,,
LGBTQIA+ and Allies in Medicine at UUSOM,Mmh-q5EiRCech3hOFq91Qg,5,https://uploads-ssl.webflow.com/5f2ad784e8fae48bcf796a04/61149051fa744a3212772e2c_BlockU_400px.png,false,"To increase awareness and education concerning LGBTQIA+ healthcare issues as well as provide a social and support network for University of Utah medical students, health sciences students, residents, and faculty who identify as LGBTQIA+.
Need a safe space? Head to the ""Synapse"" in the basement of the Health Sciences Library. This space is designed for students to have a place to go where they can feel comfortable, relax, or study. There are couches, coffee makers, and plenty of study spaces available! ",College Resources,Salt Lake County,,,,hdBaqjEmLxVNUgeUvBqxVk,false,false,,,https://www.facebook.com/groups/154740254907507/,,,,,,,Student Organizations,https://instagram.com/utahallies?igshid=9s4bg39c7s1j,,,,
Lift + Love,XaaLGelPSlSTQKv9a9AqHQ,5,https://uploads-ssl.webflow.com/5f2ad784e8fae48bcf796a04/60f882f0c3c4dd0ba35e5561_Lift%2BLove.PNG,false,"My husband, Kenn, and I live in Salt Lake and have three amazing children and a brand-new son-in-law We are a regular LDS LGBTQ family.

As the mother of an LGBTQ child and a member of the Church of Jesus Christ of Latter-Day Saints, I have learned to rely on the Lord and trust the Inspiration I received. My goal is to keep all of my children connected to their Savior and to teach them to face life with courage and confidence

I learned this growing up in my own LGBTQ family. My oldest brother, Preston was gay. Raising a gay child in the 70s and 80s my parents were on their own to navigate what it meant to be an openly gay family in the church. It was not easy and neither they nor my brother felt supported. But they did the best they could

In 2017, my brother took his own life. At the same time, my oldest son was starting his own process of coming out. My brother's painful life was a total gift to me. Through the good and the bad, the sad and the joyful, I learned what I needed to know to raise my son.

Because of the journey I have been on and the blessings that have come to our family, I wanted to do more to help other LGBTQ families and wards support these most precious children of our Heavenly Parents

The Lift Love instagram account ilftandloveorg and website liftandlove.org are meant to support teach and empower LGBTQ LDS families.",Resource Page,,LDS,,,H3TjWFZM5sYFtSqmQqoDub,false,false,liftandlove.org,,,,,,,,,,http://instagram.com/liftandloveorg,Parent,,,
Lift + Love LGBTQ+ Mamas (Parents) Community,c8gx2LgFQ0iokHpvKfYbNg,5,https://uploads-ssl.webflow.com/5f2ad784e8fae48bcf796a04/60f882f0c3c4dd0ba35e5561_Lift%2BLove.PNG,false,We are excited to have you join this growing group of LDS mothers who want to raise healthy LGBTQ children.  There is wisdom in this community of faithful women and strength in knowing that you are not alone. ,Support Circles,,Parent,,,DnkqD79BrnqbsBpPv5nfHL,false,false,liftandlove.org/#/meeting/,,,,,,,,,,,,,,
Living Waters Online Community,NBTusl96R.iaVi.yfvTOlw,5,https://hosting.photobucket.com/images/i/lgbtqut/5f663c89dc4ac15aa61147df_novo-logo-afirma_o_n.png,false,"Affirmation Journeys is a group oriented toward LGBTQIA, their families, and allies who are transitioning out of Mormon orthodoxy, as well as former Mormons. We welcome everybody, but the discussions will be from a perspective of those who are either Mormons undergoing a faith transition, unorthodox Mormons, non-believing Mormons or former Mormons. The group will be open to all topics of particular interest to this community, but it will have a particular goal of helping people move forward in healthy productive ways as they proceed during or following a faith transition.‍",Online Community,,LDS,,,7pWJ82shzwgNnyMWKnHg2Y,false,false,,,,https://www.facebook.com/taliatha.holmes,,,,,,,,,,,
Logan Health Center,RneXZPwrRaysxe2fd3mGVQ,5,https://hosting.photobucket.com/images/i/lgbtqut/5f36ad95b2ae3f30b8d8e28b_5f36abc5c9770f898e299192_Planned_20Parenthood.jpeg,false,"Services Offered:

Birth Control

HIV Services

Men's Health Care

Morning-After Pill (Emergency Contraception)

Pregnancy Testing & Services

Primary Care

STD Testing, Treatment, & Vaccines

Women's Health Care

Abortion Referrals

For more information, hours, and to book online, please visit the Health Center Website.",Wellness/Medical,Cache County,,,,NjmEp7GDrj7JGQDGnbZS5q,false,false,,,,,,,,,"550 N Main #17 Logan, UT 84321",,,,https://www.plannedparenthood.org/health-center/utah/logan/84321/logan-health-center-2420-91730,,
Logan Pride,J3ZoWtatSG6B7sm0Qy0xiQ,,https://uploads-ssl.webflow.com/5f2ad784e8fae48bcf796a04/5f5633d794cb9119b3671eae_5f36a981be85343e64aea29d_Logan%2520Pride.png,Main Image,"Logan Pride strengthens, serves, and advocates for the Cache Valley LGBTQ community, including individuals, their families, and allies. We strive to bring our communities together in equality and love.",Pride Center,Cache County,Age 18 and up.,,,JeLm9zXa6RsxjntzaVB8TU,false,,https://www.loganpride.org/,,https://www.facebook.com/loganprideUT,https://www.facebook.com/loganprideUT/,https://twitter.com/loganprideut,,,info@loganpride.org,"69 E 100 N, Logan, UT 84321",Pride Festival,https://www.instagram.com/loganprideut/,,,,
Love And Lift Inspirational Sunday,lz.EUHppSQ6juJvyT-RAqQ,6,https://uploads-ssl.webflow.com/5f2ad784e8fae48bcf796a04/60f7a10284ee1c4841b27f47_81678267_10221067264009177_4643021326724890624_n.jpg,false,"A place to be uplifted by others who walk the same road. This group represents those from different religions and faiths. Some are still in the LDS faith and some are completely out. We even have some who are agnostic but still want to feel uplifted and have a place to share their voice and feelings.

For more information and access please contact Jordan via Facebook below. 
",FHE/Sunday Service,Salt Lake County,,,,GQw6RZ3GZ4ZbUAnkBCpGP8,false,false,,,,https://www.facebook.com/MusicFan7737,,,,,,,https://instagram.com/lgbtqsundayschool?utm_medium=copy_link,,,,
Mama Dragons,WukG5owtTUCU45NUOac7QQ,6,https://hosting.photobucket.com/images/i/lgbtqut/file.png,false,"About Us: Mama Dragons is a support organization for Mormon and former-Mormon mothers of LGBTQ children. Mama Dragons exist to inspire and empower mothers. We actively promote healthy, loving, and supportive environments for mothers of LGBTQIA children.Our Mission: We support, educate, and empower mothers of LGBTQ children.",Support Organization,,Parent,,,LujySUiqkykp4FDLh6TCXT,false,false,http://Mamadragons.org,,https://www.facebook.com/groups/953372108027028/,https://www.facebook.com/mamadragons/,https://twitter.com/mamadragons?lang=en,,https://www.youtube.com/channel/UCKcdRF84cZR3ogQG0R60hew,info@mamadragons.org,,,https://www.instagram.com/themamadragons/?hl=en,,,,
Mama Dragons Facebook Group,2fUnN1.NSieg8xTa-oMDrw,6,https://hosting.photobucket.com/images/i/lgbtqut/file.png,false,"This Mama Dragons Main Group on Facebook is the primary support group for all mothers of LGBTQ children navigating this sometimes challenging journey within their family and community. This group strives to be a space free of judgment between members and one that creates a safe place for conversation and support for individuals regardless of cultural or religious backgrounds. Mamas can ask questions, share success stories, share heartaches and heartbreaks, request and give advice, and bring a wealth of knowledge and experience to others in the group.

For more targeted needs and discussions, Mama Dragons also offers Facebook subgroups. Once you are a member of this main support group (or the Madres Dragones Facebook group), you can be invited – or request an invitation – to join other Mama Dragons subgroups listed below that meet your needs.",Online Community,,Parent,,,fR2NX4QW9phutWJHAcxtp5,false,false,,,facebook.com/groups/953372108027028,,,,,,,,,,,,
Men Finding Peace - Salt Lake City,a.YwfdysdTv6cEi9YtPsqYA,6,https://uploads-ssl.webflow.com/5f2ad784e8fae48bcf796a04/5fb49c263c18f396ea792537_mfpslc.jpg,false,"What is Men Finding Peace?

More than a support group, more than a church meeting, Men Finding Peace is a group of men who share common goals and needs.  It is a place where men can be authentic and learn from other gay/SSA men from our everyday experiences, faith, and insight. To give strength to those who strive to live a covenant life of faith or those men who are just seeking peace and acceptance wherever they may be on their journey. It’s a place where ideas are shared to find strength, hope, and resolve with like men who share a common bond in brotherhood. A group that provides fellowship, purpose, and meaning through group sharing and other activities. 

The Men Finding Peace group meets every Wednesday at 7:00 pm until 8:30 pm. *Note current meetup information available on the Men Finding Peace Salt Lake City Facebook Group. 

*Disclaimer*: Men Finding Peace is an independent group not associated or affiliated with North Star International or the Church of Jesus Christ of Latter-day Saints though we wholly accept and adopt their mission, doctrine, and values. Any opinions shared or expressed are strictly our own.",Support Circles,Salt Lake County,Gay Men,,,U6xBbDTsyXCcQu4JZ7dQKU,false,false,menfindingpeace.blogspot.com,,http://www.facebook.com/groups/1038606652939212/,,,,,,,,,,,,
Men Finding Peace - Utah Valley,2Y7BD9v-Q4yf6p5Yx8usjQ,6,https://uploads-ssl.webflow.com/5f2ad784e8fae48bcf796a04/5fb49cabb50ea69dde81ea0c_mfpuv.jpg,false,"More than a support group or a church meeting, “Men Finding Peace” is an independent group of men who share common goals, needs, and who want to participate in a gospel-oriented and positive association. It serves as a forum where men can learn from each other what it means to experience SSA and simultaneously live a covenant life of faith and hope within the bounds the Lord has set. It is a place to learn how others have found strength, resolve, and peace within themselves, their families, and other men who share a common bond in brotherhood.In this sense, Men Finding Peace accepts and adopts the mission of North Star International* to empower individuals and families, addressing sexual orientation or gender identity issues, to genuinely and joyfully live the Gospel of Jesus Christ, and to keep sacred covenants.We recognize that SSA is a complex subject often causing great inner conflict and struggle. We value the power of community as a priority in finding strength and peace, and in building relationships that enrich our personal and spiritual lives. Our group offers a place of service and mentorship where we can all grow together in understanding. Men need other men. They need friendships that lead to true brotherhood in a safe environment. During our meetings, we openly discuss God’s grace and power in our lives without apprehension or apology, and without the intent to change or convert others. Unconditional love and respect for our fellow men are considered sacred, and the opinions and experiences of others present opportunities to learn.For those who have never attended a support group, just walking through the door many require great courage. Each member remembers that first step, but each member also remembers the comfort at the realization that he was not alone and that support and help are available. This is an open group, where any man willing to abide by the participation agreement is invited to attend without fear of being called on or called out. Every participant has the right to remain a silent observer or to share his experiences as impressed. Complete confidentiality is required from all attending and participating in this group. This, along with personal safety, must be respected and upheld by everyone who attends        ",Support Circles,Utah County ,Gay Men,,,VsasMxy5ZGG5AzSgxeWLDr,false,false,mfpuv.wordpress.com,,,,,,,menfindingpeaceuv@gmail.com,,,,,,,
Millennials Online Community,S-6EPflFQKG2aei2KYi9fQ,6,https://hosting.photobucket.com/images/i/lgbtqut/5f663c89dc4ac15aa61147df_novo-logo-afirma_o_n.png,false,"This group is for individuals who were born 1980-2000. This group is meant to be a safe space that affirms each individual's sexuality, faith or lack of faith. This is a space for compassionate support and fellowship of all LGBTQ and allied people with an LDS background. This space is also used to provide ideas and information about events, socials, and other programming that would be effective for LGBTQ Mormons, their families, friends, and church leaders. No matter the personal path you are on if you believe in Affirmation and it's future, this is the right group for you.",Online Community,,,,,aCAHEJ4MCJtwZdk6D6tmgM,false,false,,,https://www.facebook.com/groups/affirmationmillennials‍,,,,,,,,,,,,
Mixed Orientation Families Online Community,2zCsEegaSsyRuWIscMN8DA,6,https://hosting.photobucket.com/images/i/lgbtqut/5f663c89dc4ac15aa61147df_novo-logo-afirma_o_n.png,false,"An online community by Affirmation. For families impacted by Mixed Orientation Marriage (MOM). This group invites married MOM couples, as well as both gay, straight, and bisexual ex-spouses to join.‍To join please connect with Ron Raynes via Facebook below: ",Online Community,,Mixed Orientation,,,6k2BKHstuTyMQGQpbLFkxw,false,false,,,,https://www.facebook.com/ron.raynes.1,,,,,,,,,,,
Mormon and Gay Subreddit ,PxX9ghZDRZ2Ij9IO4Skdtw,6,https://uploads-ssl.webflow.com/5f2ad784e8fae48bcf796a04/611490ab8fac2daf3bde33ec_communityIcon_ndkyxb5uwyb61.jpg,false,"This is a subreddit where LGBTQ+ members of The Church of Jesus Christ of Latter Day Saints (or past members, or anyone else) can talk about their experiences being LGBTQ+. A place to promote discussions, have fun, ask questions, make friends, and find resources. You are not in this alone!",Online Community,,LDS,,,UeKe57zDcwfuPoEy8mUpMN,false,false,reddit.com/r/MormonandGay,,,,,,,,,,,,,,
"National Center for Transgender Equality ID, Docs, and Name Change Guide",PRCT24nnQoi3Rj8KukanLw,6,https://uploads-ssl.webflow.com/5f2ad784e8fae48bcf796a04/611490d1d07df429168408d4_yo3Cw5wy_400x400.jpg,false,"Welcome to our one-stop hub for name and gender change information. Find out how to update your name and gender on state and federal IDs and records. 
",Name/Gender Change Assistance,,Trans,,,crVx4xNQNCeaYYseBtWo5z,false,false,https://transequality.org/documents/state/utah,"(202) 642-4542

",,https://www.facebook.com/transequalitynow,https://twitter.com/transequality,,https://www.youtube.com/c/NationalCenterforTransgenderEquality,,,,,,,,
North Star Online Gender Incongruence Group,rx04NVBAQNmfJaObTvj3bQ,6,https://hosting.photobucket.com/images/i/lgbtqut/5fb495d33c18f3515b791d62_north_star.jpg,false,"This group is for individuals, ages 18+, who experience gender dysphoria as well as their spouses, family members and friends.",Online Community,,Trans,,,EFvo8y6A3vqBw65zFuvhLH,false,false,https://t2m.io/north-star-gender-incongruence,,,,,,,,,,,,,,
North Star Online Parents and Family ,CBvYMCWDTb6ONIE4oMdLTg,6,https://hosting.photobucket.com/images/i/lgbtqut/5fb495d33c18f3515b791d62_north_star.jpg,false,"For parents, siblings, or other family members, ages 18+, to provide an open and supportive forum to encourage, strengthen, and educate one another, and to learn how to best encourage, strengthen, build up and support loved ones who experience same-sex attraction or gender dysphoria.",Online Community,,Parent,,,4xSJxvvNr5WwVZyt7PAR8K,false,false,northstarlds.org/join-facebook-parents-family ,,,,,,,,,,,,,,
North Star Online Youth Group,Z8BWgN5nSLW6VCKX41q-vw,6,https://hosting.photobucket.com/images/i/lgbtqut/5fb495d33c18f3515b791d62_north_star.jpg,false,"This group is for youth, ages 13-17 (male and female), who experience either same-sex attraction or gender dysphoria (transgenderism.) As well as young men and women of similar age who do not experience SSA or gender dysphoria whose sole motivation is to give support or increase in understanding.

To join click the link below.",Online Community,,Youth,,,kKFXuSTetdwdMo34ag9fzd,false,false,https://t2m.io/north-star-youth-facebook,,,,,,,,,,,LDS,,,
Now Playing Utah,oDtpVM00QsyFq5h1F.2ohQ,6,https://uploads-ssl.webflow.com/5f2ad784e8fae48bcf796a04/6114912ad07df458b9840aa0_NPU-logo-2020a.png,false,The mission of NowPlayingUtah is to increase awareness about arts and cultural opportunities in Utah by providing a comprehensive events resource. NowPlayingUtah has a database of LGBTQ+ positive arts and cultural opportunities in Utah. ,Publications/Media,Salt Lake County,,,,FcUQLahjQqiJkgqDVmsFGZ,false,false,https://t2m.io/now-playing-lgbtq,,,,,,,,,,,,,,
Ogden Health Center,xdJX9JGLQSGv4of3JovwNw,false,https://hosting.photobucket.com/images/i/lgbtqut/5f36ad95b2ae3f30b8d8e28b_5f36abc5c9770f898e299192_Planned_20Parenthood.jpeg,false,"Services Offered:

Birth Control

HIV Services

Men's Health Care

Morning-After Pill (Emergency Contraception)

Pregnancy Testing & Services

Primary Care

STD Testing, Treatment, & Vaccines

Women's Health Care

Abortion Referrals

For more information, hours, and to book online, please visit the Health Center Website.",Wellness/Medical,Weber County,,,,dp92tAuU4SBzfKjJqitHqR,false,false,,,,,,,,,"4387 Harrison Blvd. Ogden, UT 84403",,,,https://www.plannedparenthood.org/health-center/utah/ogden/84403/ogden-health-center-2256-91730,,
Ogden Pride,POgh81.-QtO3Onj6sDP.zA,7,https://uploads-ssl.webflow.com/5f2ad784e8fae48bcf796a04/5fb54d2aaf5bae6788c74a9b_Ogden%20Pride.jpg,false,"Our Mission: Ogden Pride celebrates and supports the LGBT community, individuals and their families and allies in Northern Utah in building and strengthening inclusive communities. We are committed to excellence in advocacy, educational programs and services.",Pride Center,Weber County,,,,WrxrRNQgkGgKLZxFSgcKxy,false,false,ogdenpride.org,,,https://www.facebook.com/OgdenPrideInc/,,,,,,,,,,,
OkaySo,Pb.hKaQ-R2GlAlSr05tozA,,https://storage.googleapis.com/glide-prod.appspot.com/uploads-v2/GLyS34gJTOtHtpGe05Cl/pub/O3HFt6VCJO79Hn9UzBEH.png,false,,Medical and Wellness,,,,,,,false,,,,,,,,,,,,,,,
On the Record | A Chronology of LGBTQ+ Messaging,JGGBADz6TGqimUS4sXDwfQ,8,https://uploads-ssl.webflow.com/5f2ad784e8fae48bcf796a04/5f5631ab2220c976a31841d1_5f2c3bdfa932cb1decb0e7e3_cbbea37f.jpeg,false,"On the Record, an interactive PDF document, is intended to establish a historical accounting of the official statements provided by The Church of Jesus Christ of Latter-day Saints through the Church’s education, policy, disclosure, and messaging regarding LGBTQ+ topics.",Publications/Media,,LDS,,,ikxsn4HsXgrvKh8afsjzdK,false,false,lattergaystories.org/record,,,,,,,,,,,,,,
Online Parent Support Group,OadsO.TxR4-HOZ4VrIKXeA,8,https://uploads-ssl.webflow.com/5f2ad784e8fae48bcf796a04/5f2c881346237b6a67ee1976_I%27ll%20Walk%20With%20You.jpg,false,Welcome to the I'll Walk With You Facebook group for LDS parents of LGBT children. This group is to provide support for LDS parents who want to stay active in the church while supporting their LGBT children or family members. We hope you find support for yourself and give support to others here.,Online Community,,Parent,,,9e3LioQsBUqqdVCC9NDpUb,false,false,,,https://www.facebook.com/groups/WalkWithYouLDSParentsOfLGBTQ/?fref=nf,,,,,,,,,,,,
Parents and Caregivers Support Group,UgIAWXyvTs2LuuX-3se1NQ,8,https://hosting.photobucket.com/images/i/lgbtqut/Logo_-_square.jpg,false,PCSG is a peer-led support group that meets weekly on Thursdays from 6:00-7:30. It is open to all parents and caregivers of LGBTQ+ youth. ,Support Circles,Salt Lake County,Parent,,,jCUhyp5gSkvQpSbSsqUwrY,false,false,https://www.utahpridecenter.org/youth-programs/y-parent-caregiver-sg,801-539-8800,,,,,,youth@utahpridecenter.org,"1380 South Main, SLC, UT, 84115",,,,,,
Parents Support Group,hwX0r3DCRx-YohwT-j6JDQ,8,https://uploads-ssl.webflow.com/5f2ad784e8fae48bcf796a04/5f358fc72b040487de0d14ba_Cache%20Pride.jpg,false,"Our Parent group is open to all parents of and those in care of LGBTQIAP+ youth or are LGBTQIAP+ parents of youth. This group ordinarily meets as time permits. Parents work hard to take care of their children and this group will give parents an opportunity to socialize, give/receive information, advice, emotional, and moral support. Families have an opportunity to benefit from the unique connection that exists amongst families of children &amp; youth who are LGBTQIAP+ and may experience mental health challenges. Also, be on the lookout for family events and community nights.Located at 596 E 900 N, Logan, UT 84321‍‍",Support Circles,Cache County,Parent,,,NvUcuMxRM8kk8ppFQRSZKw,false,false,cachepridecenter.org,(435) 363-5473,,https://www.facebook.com/CachePrideCenter/,,,,,,,,,,,
Pathways Real Life Recovery,F19iMQpUQFGWVawPQES5vQ,8,https://uploads-ssl.webflow.com/5f2ad784e8fae48bcf796a04/6114914ff9a74f16afeb892c_Pathways.png,false,"Pathways Real Life Recovery understands the numerous challenges that the LGBTQ+ community go through living in a heteronormative world, and it be even more challenging in the super-conservative state of Utah. Many gay people clash with loved ones due to their identity, and even years later the pain can linger. Sometimes, it’s a close friend or family cutting off all ties, or in other times, it’s bitter words and vitriol spewed in the heat of the moment that can't be forgotten.

Regardless if you seek therapy for issues related to your LGBT status or not, it is imperative you feel supported and able to speak freely in order to benefit from the therapeutic experience. This is especially true for those confronted with the double stigma of mental health issues and LGBT orientation. Pathways is an LGBT counselor in Utah for teens and adults who are seeking professional counseling. We can help you become confident and give you the tools to deal with life’s struggles in a manner that is respectful, affirming, supportive, and non-judgmental.

If you're considering therapy and want to speak with someone who is compassionate, of the specific issues affecting the LGBTQ+ community, contact Pathways for a free assessment. We accept most insurance.

What is LGBTQ+ Counseling?


While an individual’s gender identity or sexual orientation may not be a source of distress, individuals who identify as Lesbian, Gay, Bisexual, and Transgender may find the stigma associated with living as a minority to be a source of anxiety and stress. Finding a mental health professional or counselor who is familiar with the challenges that the LGBTQ+ community often face is critical to achieving success in therapy.

Research has shown that LGBTQ+ individuals are at a higher risk of facing problems such as substance abuse disorders, anxiety, and depression due to the stress, bullying, and/or stigmatization from peers, family members, classmates, and even co-workers. LGBTQ+ individuals may also experience issues such as:

- Difficulty understanding gender identity or sexual orientation
- Issues related to LGBTQ+ parents
- Dealing with fear or trauma following hate crimes
- Lack of courage to come out and disclose to family and close friends
- Coping with discrimination and oppression
- Parenting and guiding an LGBTQ+ child
- Risk of suicidal ideation
- Gender transition challenges
- Bullying and victimization at school
- LGBTQ+ Treatment Services

We've anchored our gay-friendly counseling services on inclusivity and bringing change from within. Our treatment services include, but are not limited to:

Group Therapy: Group is a powerful treatment approach. It gives you an opportunity to listen to real life experiences and know that you are not alone. When you listen and interact with people going through the same problems that prompted you to seek therapy, you become more hopeful about achieving full recovery. You will get relevant feedback or honest testimonials that will inspire you to do things differently or nurture a positive perspective on life. In fact, you'll also benefit immensely from the new solutions and ideas you'll learn from these group counseling sessions.

Sexual Assault Therapy: The LGBTQ+ community is at an increased risk of facing sexual assault as they're often marginalized and suffer higher rates of poverty and stigma. Bisexual women and transgender individuals within the LGBTQ+ community are at a higher risk of encountering sexual violence, especially during their childhood. According to a 2015 Transgender survey conducted in the U.S., 47% of transgender individuals have been sexually assaulted in their lifetimes. We help both adolescent survivors and adults overcome these traumatic experiences and move forward with a life full of purpose. 

Couples Counseling: LGBTQ+ individuals experience the same relationship challenges and concerns in life common among all people, such as spending quality time together, the in-laws, money, and are subject to additional daily stressors such as low self-esteem and workplace stress. This can cause massive strain to your relationship, especially if both of you are struggling with these stressors or inner struggles. Our competent team will provide you and your partner with the skills and tools you need to maintain a healthy, loving relationship. This is great for couples who desire privacy and discretion in handling their personal issues.

Addiction Treatment: While addiction is used as a way of coping with everyday stressors among the general population, LGBTQ+ individuals may use it as a mechanism for numbing prejudice, legal obstacles, and discrimination. Our empowerment and solution-based treatment services help our clients learn to love and appreciate themselves and resolve the issues that lead them to want to use in the first place. We provide our clients with the right tools to enable them to value their self-worth and realize that they don't need to use drugs and alcohol in order to cope with their problems.

Family Counseling: Research has proven that LGBTQ+ individuals who receive support and guidance from their family members have significantly better mental health and physical wellbeing. The primary objectives of the family counseling treatment service are to help family members understand that lack of support can be regarded as rejection and can cause serious health problems to their LGBTQ+ loved ones. We help families learn new ways of showing support to their LGBTQ+ family members. The treatment service is not focused on changing deeply-held family beliefs or values. Instead, we help parents, families, and caregivers understand the value of supporting their loved ones, and teach them how to do it.

Trauma Therapy: LGBTQ+ individuals, especially teens who undergo frequent discrimination on a daily basis may end up developing internalized homophobia. This is a dangerous state that can lead to self-hatred and internal shame. Addressing psychological injuries inflicted on lesbians and gays is critical. When an LGBTQ+ child gets insulted for being different, they sustain psychological scars that would last a lifetime if not addressed. Our practitioners will help you or your child recover from such trauma, enabling you to lead a normal life.

Treatment for LGBTQ+ Teens: LGBTQ+ youth are coming out at earlier and earlier ages. Some youth not capable of dealing with the discrimination and bullying faced and may consider suicide as a solution to end their suffering. Our experienced counselors help teens deal with various issues such as family rejection, gender nonconformity, substance abuse, suicide ideation, and violence. We can help teens deal with these issues and help them to love themselves for who they are and give them the skills needed to tackle their difficulties in a productive manner.

Self-Esteem: The LGBTQ+ community faces a special kind of abuse and discrimination. Studies have shown that individuals who are victimized continuously and abused are likely to develop suicidal thoughts. Hence, it is dangerous to nurse unhealthy beliefs about yourself, and you should seek therapy before it becomes dangerous to you and your family. The negative things that naysayers say and do to you are not permanent or impermeable to change. With proper guidance, you can become more positive about life and eventually dissuade the suicidal thoughts.",Mental Health/Counseling,Salt Lake County,,,,kmtmxPuXq9FJxNNA74jL6p,false,false,https://pathwaysreallife.com/lgbtq-counselor-in-utah/,801-895-3006,,https://www.facebook.com/PathwaysRealLifeRecovery,https://twitter.com/@EmpowerRecovery,,https://www.youtube.com/channel/UC59XXjzRwUWv7NWEkQeI6VA,info@pathwaysreallife.com,"8706 S 700 E #205, Sandy, UT 84070",,https://www.instagram.com/pathwaysrealliferecovery/,,,,
Peculiar - Allies and Appetizers,OoBxKQKhRe6Eh5Gpo4Tgwg,8,https://uploads-ssl.webflow.com/5f2ad784e8fae48bcf796a04/60b4129762daab36ec2515f5_Peculiar.png,false,"Mission Statement: To create safe spaces, filled with great conversation and a new understanding of how to better love and respect our LGBTQ+ family.",Speaker Series,Salt Lake County,Parent,,,cDeibfhK5b5vf3bAsBY3nk,false,false,https://www.thepeculiar.org/allies-and-appetizers,(801) 628-8509,,https://www.facebook.com/thepeculiarorg,,,,,,,,,,,
Peculiar Journal,eEcoTbtXTbKRn.A9W.Eqqg,8,https://uploads-ssl.webflow.com/5f2ad784e8fae48bcf796a04/6114919a500330dbad459bde_Peculiar%20Journal.PNG,false,"Peculiar is a queer literary journal showcasing prose, poetry, art, and photography. With our roots in the Mormon stronghold of Provo, Utah, peculiar began as a way to recognize the creative talents of the often-overlooked queer community within Utah’s unique culture. As our journal has grown over the past few years—and our staff has begun setting roots nationwide—we’ve decided to broaden the scope of peculiar to include queer voices from anywhere and everywhere. No matter how far you are or how quietly you whisper, know that we hear you.
​
​In our first issue, co-editor-in-chief Aaron Gates wrote the following in his foreword: “To belong, isn't that what we are fighting for, constantly? Every day a wave surges against us, telling us we are too different, telling us we have no place, telling us that something is wrong with us. No one can tell you what you are worth; that is for you to decide.” So we hope you'll decide to be brave. To be strong. To be beautiful.


​This journal celebrates the dazzling diversity of us all. Share your stories with us. Read the stories of others. Take part in something glorious, no matter how peculiar.",Publications/Media,Utah County,,,,8oA8NAuCw7QsLG5y5oyncz,false,false,peculiarjournal.com,801-891-9618,,https://www.facebook.com/peculiarjournal/,https://twitter.com/peculiarjournal?lang=en,,,peculiarjournal@gmail.com,"145 E Center St #2A Provo, UT 84606",,https://instagram.com/peculiarjournal?igshid=yvlxg1m8eipq,,,,
Peculiar Stories,BOV6Uv1hRNeGvOMhvOWJ7g,8,https://uploads-ssl.webflow.com/5f2ad784e8fae48bcf796a04/60b4129762daab36ec2515f5_Peculiar.png,false,"Peculiar Stories is an opportunity to share your personal stories and/or insight on your experiences as a member of the LGBTQ+ community. Our community is strengthened as a whole when we share these stories. These stories are intended to bring awareness, change, and ultimately save the lives of our LGBTQ+ youth and community. We are grateful for the courage and the vulnerability shown here as well as the example given. Please honor these stories. They are sacred.",Video Project,,,,,94pBVU3s8uvZmkYWGsKCRi,false,false,https://www.thepeculiar.org/peculiar-stories,,,,,,,,,,,,,,
Planned Parenthood Association of Utah,B-NaH5McQcKW7bpKXmkvnQ,8,https://hosting.photobucket.com/images/i/lgbtqut/5f36ad95b2ae3f30b8d8e28b_5f36abc5c9770f898e299192_Planned_20Parenthood.jpeg,false,"Planned Parenthood Association of Utah shares the vision of an equitable world articulated by the Planned Parenthood Federation of America: where sexual and reproductive rights are basic human rights, where access to health care doesn't depend on who you are and where you live, and where every person has the opportunity to choose their own path to a healthy and meaningful life. Our mission is to empower Utahns of all ages to make informed choices about their sexual health, to ensure access to affordable, quality health care and education, and protect their right to do so.‍",Wellness/Medical,,,,,7pLZsRwJpoBmqSD7vrcqg7,false,false,plannedparenthood.org/planned-parenthood-utah,,,,,,,,,,,,,,
Pre-Teen Support Group,H6i3fbAySKKf6qQ8gcEWFQ,8,https://uploads-ssl.webflow.com/5f2ad784e8fae48bcf796a04/5f358fc72b040487de0d14ba_Cache%20Pride.jpg,false,"Our Preteen Group is open to all LGBTQ+ and LGBTQ+ affirming youth ages 10-14. We give our preteens a monitored platform to communicate with each other throughout the week and a fixed opportunity to reach out for mutual support from their peers. This allows our preteens to communicate and build a bond with each other, as well as CPC volunteers, for ongoing support and a sense of belonging outside of our Tuesday night group.",Support Circles,Cache County,Youth,,,H4nPMjP95aA9FiwANA4y8u,false,false,cachepridecenter.org,435-363-5473,,https://www.facebook.com/CachePrideCenter/,,,,cachepridecenter@gmail.com,,,,,,,
Prepare Online Community,3hxLOeqvR7C1WCaD9-Wfsw,8,https://hosting.photobucket.com/images/i/lgbtqut/5f663c89dc4ac15aa61147df_novo-logo-afirma_o_n.png,false,"This group provides fellowship for LGBTQ people who desire to attend the LDS church and are supportive of everyone whether they're in a same-sex relationship, an opposite-sex relationship, or celibate/abstinent.",Online Community,,LDS,,,Ag2yQsN9yGnh3CEN7BvyTy,false,false,,,https://www.facebook.com/groups/TheLordWillPrepare/,,,,,,,,,,,,
Pride of Southern Utah,jJOvLyLgTGiosc3ALjCGww,8,https://uploads-ssl.webflow.com/5f2ad784e8fae48bcf796a04/611491d80dac646a9ddf7c79_Southern%20utah.png,false,"Together we can make a change.

Pride of Southern Utah is a grass roots grown non-profit group of who wants to see a change. A change of attitude, acceptance, perspective and love within and surrounding the LGBTQ+ community. Pride of Southern Utah has partnered with A.R.T.S. Inc. as our fiscal partner which gives us non-profit status. Every Dollar, every cent for that matter goes back into the festival and the LGBTQ+ community. While we might be small, we are big in heart, determination and might. Together we can make a change. But we need your help. Whether you are a vendor, volunteer, entertainer or a sponsor we hope that you will join us. Thank you for time and care. 

Who we are: Pride of Southern Utah is a non-profit organization founded on the belief that everyone belongs. Whether you are a member of the LGBTQ+ community or one of our Allies, we want to serve you.   

Philosophy: Build a better, stronger and more cohesive community in Southern Utah. One that feels safe, one that is active and one that offers information and resources.",Pride Center,Washington County,,,,2BCCyJRi5NJ7ZBZKLt2FMw,false,false,https://www.prideofsouthernutah.org/,,,https://www.facebook.com/DiscoverPride/,,,,,"307 North Main Street, St. George, UT, 84770",,,,,,
Progressive Paths Therapy,AChbgTB1R2yLdMSfPVLGWw,8,https://uploads-ssl.webflow.com/5f2ad784e8fae48bcf796a04/6176016f3d9c192bef6c6e3d_Untitled%20design%20(21).png,false,"Welcome to Progressive Paths Therapy! Does it feel like you can’t control your anxiety no matter how hard you try?

Are you feeling hopeless, isolated and not your usual self?

Are you going through a faith crisis, shift, or transition?

Does it feel like your marriage/couple relationship is breaking down?

Are you seeking for a healthier, closer family relationship?

Are you struggling with problematic or out of control sexual behavior?

Have you tried to solve the problems in your life on your own and realized you need help from someone else?

If you answered yes to any of these questions, then you have made the right choice by being here.

And we know this is hard. You've likely been debating seeking help for months, if not years. But we are so glad you found us and have taken the courageous step of being here.",Mental Health/Counseling,Utah County,Adults,,,,false,false,progressivepathstherapy.com,801-704-5066,,,,,,info@progressivepathstherapy.com,"1175 South 800 East, 2nd floor Orem UT 84097",,,,,,
Project Rainbow,gVxtobVtQRWufksvAEX13g,8,https://uploads-ssl.webflow.com/5f2ad784e8fae48bcf796a04/6114921ddd8c32233dbb123a_101018466_969989456790318_6204034070993698816_n.png,false,"Project Rainbow works to promote LGBTQ+ visibility throughout Utah and foster inclusivity in every corner of the state.

Flag Campaigns

Project Rainbow’s largest fundraiser is our flag campaigns. We stake flags in front of thousands of homes and businesses across Utah each year to celebrate the various pride festivals and events that take place throughout the State. 

Community Fund

The Project Rainbow Community Fund helps finance events or projects that align with our mission to “promote LGBTQ+ visibility throughout Utah.” Individuals, groups, and organizations can apply for grants ranging from $100-$7,000.

Transgender Day of Remembrance

For the week of Transgender Day of Remembrance (November 20) Project Rainbow stakes transgender pride flags along the Wasatch front from Ogden to Provo. Transgender Day of Remembrance (TDOR) is a day to increase visibility for the transgender community and to memorialize the countless transgender individuals who are murdered every year in acts of transphobia. Stand in solidarity with your trans friends, family members, and neighbors by displaying a flag this year for TDOR!",Community Projects,Salt Lake County,,Davis County,Weber County,AxPcVZ9DhxXKmpfqPj29H4,false,false,projectrainbowutah.org,801-688-3275,,http://www.facebook.com/projectrainbowutah,,,,lucas@projectrainbowutah.org,,Grants,http://instagram.com/projectrainbowutah,,,,
Provo Pride,fJF9SttGTuehAGkbOhsjng,8,https://uploads-ssl.webflow.com/5f2ad784e8fae48bcf796a04/5fbd57ccc2d6fb05e3e7dbca_Provo%20Pride%20(1).jpg,false,"We are the Provo Pride Council, a non-profit corporation organized to act as a community resource and symbol of hope and pride for residents of Utah County who may identify as gay, lesbian, bisexual, pansexual, transgender, transsexual, queer, questioning, intersex, intergender, asexual, etc. (abbreviated as LGBTQ or LGBT for simplicity).MISSIONOur mission is to support and celebrate the LGBTQ community in Provo and Utah County and foster understanding and ties with the larger community through a Pride Festival and other outreach programs. We affirm the equality, dignity, and right to self-determination of all people.VISIONWe aim to improve our support for the LGBTQ and ally community in Utah County by expanding our outreach programs, holding a Pride Parade in addition to the Festival, building an LGBTQ Center, providing help for the homeless youth population and preventing more homeless youth through education, and developing mutually beneficial ties with sister Pride Festivals and local businesses, non-profit organizations, performers and artists, and the community at large.‍",Pride Center,Utah County,,,,5wwiGcvAW68dnAfivRqKB4,false,false,provopride.org,,,https://www.facebook.com/ProvoPride/,https://twitter.com/ProvoPride,,,,,,https://www.instagram.com/provopride/?hl=en,,,,
Q Pages,Y6Goh0bBTF6vptUGvuGJMw,8,https://uploads-ssl.webflow.com/5f2ad784e8fae48bcf796a04/6114924ffa744a5ce7773490_10500579_797248366972508_8796192887282199012_n.jpg,false,"Welcome to the Q Pages, Utah’s businesses and services friendly to the gay, lesbian, bisexual, transgender and ally community. These companies have specifically chosen to market their availability to the LGBT community and have signed a pledge that they and their employees will treat us with dignity, respect, and fairness.",Publications/Media,Salt Lake County,,,,RXgjUP9jmNiybjaCHSyvLo,false,false,https://www.qpages.com/,801-997-9763,,https://www.facebook.com/QPagesUtah,https://www.twitter.com/QSaltLake,,,,"222 S Main St, Ste 500 Salt Lake City UT 84101",,,,,,
QTalks,a-KtaHaNqQyKXUJ-MdtBq.Q,8,https://uploads-ssl.webflow.com/5f2ad784e8fae48bcf796a04/5fb96adfcdd292cdcc7806c5_Equality%20utah.png,false,"QTalks is a quarterly queer lecture series provided by the Equality Utah Foundation. Past guest speakers have included Dustin Lance Black, Samantha Allen, and more. ",Speaker Series,Salt Lake County,,,,ZjecYBgBrbdXJm7tKjyRev,false,false,equalityutah.org/qtalks,,,,,,,,,,,,,,
QUAC - Queer Utah Aquatics Club,bcyBXVGES-STi-sUdfqiBw,8,https://uploads-ssl.webflow.com/5f2ad784e8fae48bcf796a04/5f5634b6bf3eb9120c24b690_5f36b0880c5d7cd59e54b4ac_Quac.png,false,"Queer Utah Aquatic Club, Inc. ( QUAC) is a 501(c)(3) non-profit organization dedicated to the promotion of adult, amateur swimming regardless of age, ability, gender identity, or sexual orientation. QUAC is the largest LGBTS sports club in Utah. QUAC offers swimmers and water polo players of all abilities a supportive and safe environment to improve their skills, get some exercise, meet people with similar interests and, if they so choose, the opportunity to compete. Whether you are interested in swimming, multi-sports, or water polo; whether you’re a former competitor or can barely doggy paddle, QUAC has something to offer. Come join us at practice and get involved with one of the biggest and friendliest sports groups in Utah! QUAC is also a Learn to Swim Program in cooperation and with grants from USMS ​Swimming Saves Lives Foundation. ",Social Groups,Salt Lake County,,,,AYY78Sgc78pob6rz85iFLo,false,false,https://www.quacquac.org/,,,https://www.facebook.com/quacquac,https://twitter.com/QUACAquaticClub,,,info@quacquac.org,"Fairmont Aquatic Center, 1044 East Sugarmont Drive, Salt Lake City, UT 84106",,https://www.instagram.com/quac_aquatics/,,,,
Queer Community Allies,6KBmHqUSRYWJFPYdWstM-g,8,https://uploads-ssl.webflow.com/5f2ad784e8fae48bcf796a04/6114926aa2c30956464cf12f_QCA.jpg,false,"Local GSA Support
We support GSAs (gay straight alliances/gender sexuality alliances; student-led with a teacher-staff-counselor advisor) in local high schools. Posters, stickers, flags, buttons, masks, wrapped snacks, books, funds for supplies, crafting items, board games, cards, guest visits from affirming adults, contacts from local businesses who can partner for donations… If they don't have the resources for success, we try to help.

Classroom Decor & Educator Supplies
Teachers often ask us for buttons to distribute to faculty-friends and students and for posters, stickers and flags for their classrooms. If you’re a teacher who would like some items, reach out! We’d be happy to gift you some!

Community Events
We love going to Pride, joining other organizations at various city community nights, being involved with other local youth efforts, and hosting events to talk with educators and parents who want to learn more about supporting their queer family members, students, and comunity youth.

Community Swag
We love sharing swag from our neighbor organizations! Thank you Pride Center, HRC Utah, Equality Utah, and Encircle for giving us calendars, chapstick, stickers, pamphlets, flags, glow bracelets, and more to distribute to our teens and at local events. We love seeing rainbow swag around town, from any group! 

Dream Project: GSA Meet
We started planning a GSA meet for clubs across Utah County to meet, talk, make friends, and share ideas. It was scheduled to happen in April 2020. Due to the spread of COVID-19 and school closures, the event was cancelled. We look forward to this event happening in the future, when it is safe to do so.",Education/Advocacy,Utah County,Youth,,,4jF8adhWZznAf4A4KaQAg3,false,false,queercommunityallies.org,,,https://www.facebook.com/QueerCommunityAllies/,,,,contact@queercommunityallies.org,,,https://www.instagram.com/queercommunityallies/,,,,
Queer Friends,Z8LBm637S.SleHlW3kZxCg,8,https://uploads-ssl.webflow.com/5f2ad784e8fae48bcf796a04/5f5634b4418da6b96c057ca7_5f36b0f42f3ef9bbbfebab19_Queer%2520Friends.png,false,"Queer Friends: queer is normal. We are an all-inclusive social group of LGBTQIA+ friends having a great time in Salt Lake! This group is open to any gender-identity, sexual orientation, monogamous and non-monogamous relationships AND queer-friendly allies. Singles, couples, friends and family are all welcome as long as they are queer-friendly. Our goal is to also create a safe, welcoming and supportive community. We especially welcome people who are questioning their identity and just starting the ""coming out"" process.<h2>Mission</h2><p>To create a safe, welcoming, and supportive all-inclusive community through normal social activities and education.</p><h2>Vision</h2>We envision a community of queer people and allies working together to create a culture of love, acceptance and nondiscrimination so all queer people can be true to themselves.We host a broad range of events using the Meetup platform, from brunches and pub crawls to theater performances and roller skating. Queer Friends does not discriminate on the basis of race, color, national or ethnic origin, ancestry, sexual orientation, sex or gender identity/expression, age, religion or religious beliefs, physical or mental abilities including differently-abled and drug/alcohol addiction, class, income, marital status or polyamorous relationships, or any personal expression that does not harm others.We are a platonic, friends-only social group, not a dating site, so please attend meetups with that in mind.</p>",Social Groups,Salt Lake County,,,,UUYgthbTqRqLG6kphTkXEq,false,false,queerfriends.org,,,,,,,,,,,,,https://www.meetup.com/QueerFriends/,
Queer Meals,5hhHWAjISdSUNBwBqvMwvg,8,https://uploads-ssl.webflow.com/5f2ad784e8fae48bcf796a04/5f563d75e654801c2fec8991_5f36b04e5ad1bd42dc635fbb_cropped-QueerMeals_doodles_web-02%2520(1).png,false,"Providing meals, groceries, love, and the occasional pizza. Life in Provo can be overwhelming for the LGBTQ community. Because of this, there are many groups in Provo that serve the LGBTQ community. QueerMeals is simply one more. We are open 24/7 to folks who need a safe space to sit, visit and decompress—where their pronouns will be respected and their individual paths will be cherished. We have extensive experience with suicide prevention counseling and visitors can expect to feel validated and appreciated. If you need to come over, or even if you do not want to leave your home but you would like a visit or a meal, send us a message and we’ll tell you how to find us.",Community Projects,Utah County,,,,PMqC7GaKu8wZbfpM7GYDRP,false,false,http://QueerMeals.com,,,,,,,,,,,,,,
Queer Mormon Therapists,TzoFxQ7nRISXtvF5MhuZPw,,https://storage.googleapis.com/glide-prod.appspot.com/uploads-v2/NSfaaNV0fRhAK9yZqEUi/pub/6NVq18WZh85gz6ou74eX.png,,,,,,,,,,,,,,,,,,,,,,,,,
Queer Spectra,V.RXFCIcSVmfTlxhWXPJCw,9,https://storage.googleapis.com/glide-prod.appspot.com/uploads-v2/NSfaaNV0fRhAK9yZqEUi/pub/3My94t7vhOSkQlhcLa9z.jpg,false,"A safe space for artists who self-identify as LGBTQIA+ to showcase their works and engage audiences in conversation regarding art and queer identity.

Our Mission

Queer Spectra Arts Festival is dedicated to showcasing arts from multiple LGBTQIA+ perspectives. 
As curators, we aim to present a diverse array of voices, backgrounds, experiences, cultures, mediums, and artistic disciplines in order to celebrate queer artistic expressions. Queer Spectra Arts Festival challenges and contributes to contemporary understanding of queer discourse while promoting nuanced conversations between artists and audiences about queer identity and art.

",Publications/Media,Salt Lake County,,,,TxiW6qZ5GhNofWQwNBQiVo,false,false,https://www.queerspectra.com/,,,https://www.facebook.com/Queer-Spectra-Arts-Festival-422526101851501/?modal=admin_todo_tour,https://twitter.com/queerspectra,,,queerspectra@gmail.com,,,http://instagram.com/queerspectra,,,,
Radical Adventure Riders SLC Chapter,UsNLPOJNQG-I8nWHP12L3Q,9,https://uploads-ssl.webflow.com/5f2ad784e8fae48bcf796a04/61731f738b5a81f47a7b8f87_151191169_636978377083881_6564652702243824200_n.jpg,false,"RAR creates networks and programs to support femme, transgender, woman, and non-binary (FTWN-B) and Black, Indigenous, People of Color (BIPOC) in the cycling and outdoors scene.
",Social Groups,Salt Lake County,,,,,false,false,https://radicaladventureriders.com/chapters/salt-lake,,,https://www.facebook.com/radical.adventure.riders,,,,rar.saltlake@gmail.com,,,https://instagram.com/rar.saltlake,,,,
RaYnbow Collective,rOpcLkapTpWh61bC45v0FQ,9,https://uploads-ssl.webflow.com/5f2ad784e8fae48bcf796a04/61d91f2f0d3d6d3eda28f567_Untitled%20design%20(44).png,false,"The RaYnbow Collective is a volunteer organization located in Provo, Utah, focused on creating and identifying safe spaces for LGBTQ+ students, faculty, and staff at Brigham Young University. To accomplish this, we develop networks across Utah with organizations, businesses, artists, and activists to support BYU students wherever they are physically, emotionally, and spiritually.",College Resources,Utah County,,,,,false,false,linktr.ee/raynbow.collective,,,,,,,raynbow.collective@gmail.com,,Community Projects,instagram.com/raynbow.collective,,,,
Rebirth OB/GYN,fxvTgp2YQ8-.mD.Fyc0uZQ,9,https://uploads-ssl.webflow.com/5f2ad784e8fae48bcf796a04/611b35386e7390ec22a2ec1a_Rebirth.jpg,false,"Rebirth OBGYN is a Gender Center & OBGYN Clinic located in Salt Lake City, UT

Due to stigma and lack of knowledge, transgender individuals may not get the quality health care they need or deserve. Rixt Luikenaar, MD, FACOG, at Rebirth OB/GYN in Salt Lake City specializes in transgender health and manages both primary care and the specialized medical needs for transgender and gender-nonconforming individuals. To schedule an appointment, call the office today or book online.",Wellness/Medical,Salt Lake County,Trans,,,ndv7Qfh7dGVp3QEAJyv6oZ,false,false,rebirthobgyn.com,801-272-3909,,,,,,,"2180 E. 4500 S., Suite 270, Salt Lake City, UT 84117",,,,,,
Safe Space UT,HZ-GSWvnSI2bBiMQUn-B.Q,9,https://uploads-ssl.webflow.com/5f2ad784e8fae48bcf796a04/617337be6c595b0182d069f3_comingoutday_LOGO_11-final.png,false,"Savannah Skyler and Jerilyn Hassell Pool teamed up to create a graphic to allow teachers a way to signal a commitment to learning and understanding of issues faced by sexual, gender, or racial minorities and a willingness to create and maintain safe space to help those who struggle. Based on “Ring Theory” by Dr. Susan Silk

• Promotes helpful and healthy patterns of support for the most vulnerable: “comfort in; dump out”

• Illustrates encompassing support for Black and Indigenous People of Color (BIPOC) and trans communities

• Emphasizes importance of the larger LGBTQ+ community as a resource while recognizing their need for safety, too

Support them in their goal to deliver posters and resource packets to Utah schools. Visit thier website! ",Community Projects,Utah County,,,,,false,false,safespaceut.com,,,https://www.facebook.com/SafeSpaceUT,,,,,,,,,,,
Salt Lake City Gay Men's Book Club,VK8rnjZwR229YaoVVcQuUQ,9,https://hosting.photobucket.com/images/i/lgbtqut/Logo_-_square.jpg,false,This book club is primarily for gay men but anyone is welcome to attend! We meet on the third Wednesday of each month (excluding holiday weeks). We meet at the Utah Pride Center on Main Street at 6:00. Bring a friend and feel free to check out the group even if you haven't read the book! We vote on book selections about 1-3 months in advance. ,Social Groups,Salt Lake County,Gay Men,,,co2gZsLoFQkAsqoUiVuo82,false,false,,,https://www.facebook.com/groups/276230999378620/,,,,,,"1380 S Main St, Salt Lake City, UT 84115",,,,,,
Salt Lake City Good Time Bowling League,YfhvfKINQNiuRVjNzEX28Q,9,https://uploads-ssl.webflow.com/5f2ad784e8fae48bcf796a04/5f5634b3c4a75f588d5f853a_5f36b2d74ec0aace07dac1d0_Untitled%2520design.png,false,"Utah's Sunday night LGBTQS bowling league. We were founded in 1990. We are a handicap league (meaning all bowlers are welcome) that likes to have fun while we bowl. And not only do you get to bowl in a fun, relaxed, and welcoming atmosphere you are also raising money for charities. For more information and to join, join us on Facebook.",Social Groups,Salt Lake County,,,,XV52QAX9XRGYb5Rw86ecB8,false,false,,,,https://www.facebook.com/groups/saltlakegoodtimebowlingleague,,,,,,,,,,,
Salt Lake Health Center,IIXj6dL.Qhm98TykgWcP4A,,https://hosting.photobucket.com/images/i/lgbtqut/5f36ad95b2ae3f30b8d8e28b_5f36abc5c9770f898e299192_Planned_20Parenthood.jpeg,false,"Services Offered:

Birth Control

HIV Services

Men's Health Care

Morning-After Pill (Emergency Contraception)

Pregnancy Testing & Services

Primary Care

STD Testing, Treatment, & Vaccines

Women's Health Care

Abortion Referrals

For more information, hours, and to book online, please visit the Health Center Website.",Wellness/Medical,Salt Lake County,,,,UB8ncfTRbS4k22SditM64L,false,false,,,,,,,,,"654 South 900 East Salt Lake City, UT 84102",,,,https://www.plannedparenthood.org/health-center/utah/salt-lake-city/84102/salt-lake-health-center-3567-91730,,
Salt Lake Mens Choir,a.zB2MXyxRKiSA-dJHAONFA,10,https://uploads-ssl.webflow.com/5f2ad784e8fae48bcf796a04/611b35624c1e3345e28551b1_SL%20Mens%20Choir.png,false,"Our Mission: The Salt Lake Men’s Choir is dedicated to musical excellence. The purpose of the choir is to:

- Promote, perform and expand men’s choral literature as an art form.

- Cultivate skills in choral singing.

- Provide opportunities for self-expression.

- Build bridges of understanding and tolerance among diverse communities through music.

- Provide positive social and spiritual support for its members.

The Salt Lake Men’s Choir strives for:

- a safe haven of friendship, support, and unity

- a high standard of musical excellence

- a high level of commitment

- opportunities to learn and grow through choral music


We welcome all men who have a desire to sing and want to be part of a diverse, openhearted organization. don't worry about your musical abilities — We're all here to learn — so come and have some fun with us! Membership requires a willing heart, a desire to learn and perform, a certain level of dedication and commitment, and seasonal dues.  Whether or not you will be able to sing with us at our next concert depends on when you join us. You can attend and observe any rehearsal, but the best way to experience the choir is to participate!  Arrive before 7:00 pm and you'll be able to check out a binder of music and add your voice to our harmony.  The Salt Lake Men’s Choir will embrace and accept you with open arms.",Social Groups,Salt Lake County,,,,R86XCfQDNwYGHE4FnmKyda,false,false,https://www.saltlakemenschoir.org/,,,https://www.facebook.com/slmenschoir/,https://twitter.com/slmenschoir,,https://www.youtube.com/channel/UCjcyIqex_5epNFv8U3DZrYA,,,,,,,,
Salt Lake Metro Health Center,E6jyu6v3Q2CbOA.jUtd.5A,,https://hosting.photobucket.com/images/i/lgbtqut/5f36ad95b2ae3f30b8d8e28b_5f36abc5c9770f898e299192_Planned_20Parenthood.jpeg,false,"Services Offered:

Abortion 

For more information, hours, and to book online, please visit the Health Center Website.",Wellness/Medical,Salt Lake County,,,,BE2Ef44bHcoHVYMnih5wxD,false,false,,,,,,,,,"160 South 1000 East, Suite 120 Salt Lake City, UT 84102",,,,https://www.plannedparenthood.org/health-center/utah/salt-lake-city/84102/metro-health-center-3958-91730,,
Share Your Light Support Group,Ex1lX0MZQJS0Jt.cuhpk0A,11,https://uploads-ssl.webflow.com/5f2ad784e8fae48bcf796a04/61733ba759f2300d0d5cbfa8_244053766_10224904060456179_6260953821558898229_n.jpg,false,"A support group for parents and allies of LGBTQ+ family members. Held every 2nd Sunday of each month at the Grandview South Stake Center Relief Society Room in Provo, UT at 7:30 PM. Questions? Call or text Emily Harrison.",Support Circles,Utah County,LDS,,,,false,false,,801-830-1163,,,,,,,"1122 Grand Avenue, Provo, Utah 84604",,,,,,
SLAQC,MZUQsQXoTVeGFXCSOr.HOw,11,https://uploads-ssl.webflow.com/5f2ad784e8fae48bcf796a04/613946d1e0e1b096225dbe1b_Copy%20of%20Location%20Icon.png,false,"SLAQC is a rock climbing group for LGBTQIA+ identified folks in Salt Lake City and the Wasatch Front. We are a peer-led group whose mission is to build community, empower LGBTQIA+ individuals in the sport of rock climbing, and create a more inclusive environment in the rock climbing community as a whole. We hold regular meetup events for climbers of all skill levels at the Front in Salt Lake, and are looking to expand into more gyms in the area and organize outdoor trips in the summer.
",Social Groups,Salt Lake County,,,,,false,false,,,https://www.facebook.com/groups/1033369770048204/,,,,,,,,https://www.instagram.com/slaqueerclimbers/,,,,
SLC Lesbians Bookclub,1m1i0BRxSX6ekLG3Epc02Q,11,https://uploads-ssl.webflow.com/5f2ad784e8fae48bcf796a04/61acff959d1b1647a8dd7b5e_154539694_106939338113876_6947648242697205525_n.png,false,"**Meetings**: The book club meets at 2 pm on the last Saturday of the month (unless noted with an *) at Under the Umbrella, our local queer bookstore. 511 W 200 S Suite 120, Salt Lake City, UT 84101. We are a trans/non-binary/bi inclusive group.

**Cost**: Please bring a contribution (sliding scale $1-5) for the meeting room reservation at Under the Umbrella. If $1 a month is a barrier for you please just reach out to  slc.lesbian.bookclub@gmail.com and let us know in advance.",Social Groups,Salt Lake County,Lesbian,,,N7pSJWJVhvdtbJReUPPxrm,false,false,kingsenglish.com/slc-lesbian-bookclub,,facebook.com/groups/160979024045091,,,,,slc.lesbian.bookclub@gmail.com,,,,,,,
SLC LGBT+ Friendly Housing,i7EoQU0eQB2GPv0qNfRLSg,11,https://uploads-ssl.webflow.com/5f2ad784e8fae48bcf796a04/611b3421de6130364257491f_29472429_10156286167486683_3775308461143752704_n.jpg,false,"LGBT+ Friendly Housing was created so that the LGBT+ community could have a space to more easily and safely find housing opportunities in Utah.

3 Easy Rules - If you can't follow them you will be removed from the group:
1- No bullying or hate speech.
2- Be kind ❤️
3- If you have any questions or concerns, contact group creator, Lauren Hamilton directly.",Queer Housing,,,,,NoxiYUfXBERc2shDaFNzp3,false,false,,,https://www.facebook.com/groups/209397079601455,,,,,,,,,,,,
SLC Queer Housing ,ohW0zPLdRpChia8Hiufk.w,11,https://uploads-ssl.webflow.com/5f2ad784e8fae48bcf796a04/611494010dac64fbb6df8b36_groups-default-cover-photo-2x.png,false,A Facebook group for those looking for queer freindly housing in Salt Lake City. ,Queer Housing,Salt Lake County,,,,fDzMnHBCmULBw5gN529wvV,false,false,,,https://www.facebook.com/groups/1910230212576888/about,,,,,,,,,,,,
SLCC Queer Student Association,KkZWarOhQbK2n.ar2PUMiA,11,https://uploads-ssl.webflow.com/5f2ad784e8fae48bcf796a04/611b35785c8255f3da67bfd2_download%20(4).png,false,"Queer Student Association is a social support & educational group for LGBTQ+ people & their allies. We are dedicated to promoting openness and equality, maintaining confidentiality, supporting diversity, serving the public, and furthering a positive image for the LGBTQ+ community.

Salt Lake Community College has a strong initiative to enhance the quality of life of lesbian, gay, bisexual, transgender, queer, and questioning SLCC students, faculty, and staff in an environment that is welcoming, positive, and safe, by increasing the SLCC community's awareness, understanding, and inclusion of its lesbian, gay, bisexual, transgender, queer, and questioning members. We will achieve this mission by providing:

Resources to LGBTQ+ students, staff, and faculty

Resources to allies

Education on the terminology, the history, and the current issues effecting the LGBTQ+ community

Safe Zone training to faculty, staff, and student organizations",College Resources,Salt Lake County,,,,M9nNXVgwbc3iikuXUKkaVE,false,false,http://www.slcc.edu/lgbtq/queer-student-association.aspx,,,,,,,SafeZone@slcc.edu,"4600 South Redwood Road, Salt Lake City, UT 84123",Student Organizations,,,,,
So You're Mormon and Gay,dx4-2ZobSOWCWmuD4P7XUQ,11,https://uploads-ssl.webflow.com/5f2ad784e8fae48bcf796a04/60534d7664edf561c5ffb750_IMG_20210317_221620_562.jpg,false,"Hi, I'm Kelly! I'm 29 years old, born and raised in the San Francisco Bay Area, and currently living and working in Salt Lake City. I am the youngest in a family of five and was spoiled and loved like crazy (the youngest child spot is definitely the best in my opinion). I love being outside, traveling, and all sports, especially basketball (go Warriors!). I played basketball at Lehigh University during my undergrad and then went on to graduate school at BYU. I joined the Church of Jesus Christ of Latter-day Saints in 2010 when I was 19, served a mission in Nagoya, Japan (日本が大好き!), and occassionally attend my ward in Salt Lake. Oh, and yes, I'm gay!


I wanted to create this blog to share my own story and the stories of my LGBTQ Mormon friends. When I started to realize I might be gay (it only took me 23 years to realize my ""really close friendships"" and ""girl crushes"" might be something more...), I scoured the internet for everything I could find on the topic of Mormonism and homosexuality; I had no idea what to do! There wasn't much (as helpful as the gospel topics essay is...). I was lucky to meet several other gay, Mormon friends and get the help and support I needed. I realized not everyone is as lucky.


So, I want to share my friends and their stories! I hope this blog will help people see there aren't just two options when it comes to being gay and Mormon: leaving the church or staying single and celibate the rest of your life. There are many more options than that, and I'm excited to share them here with you. This blog will have stories of people fully in the church, fully out of the church, and everywhere in between. Please feel free to reach out if you'd like to have a personal conversation about anything posted here!",Blog,,LDS,,,9TeNKKjYCDLL3WgFpRWiJn,false,false,soyouremormonandgay.blogspot.com,,,,,,,,,,https://instagram.com/soyouremormonandgay?igshid=1hosg6gop3nwv,,,,
South Jordan Health Center,e-f7WBM2SOWCzcX0f3WAYg,false,https://hosting.photobucket.com/images/i/lgbtqut/5f36ad95b2ae3f30b8d8e28b_5f36abc5c9770f898e299192_Planned_20Parenthood.jpeg,false,"Services Offered:

Birth Control

HIV Services

Men's Health Care

Morning-After Pill (Emergency Contraception)

Pregnancy Testing & Services

Primary Care

STD Testing, Treatment, & Vaccines

Women's Health Care

Abortion Referrals

For more information, hours, and to book online, please visit the Health Center Website.",Wellness/Medical,Salt Lake County,,,,TJdQJbsPVkyHSZvGTdebCK,false,false,,,,,,,,,"1091 West South Jordan Parkway, Suite 100 South Jordan, UT 84095",,,,https://www.plannedparenthood.org/health-center/utah/south-jordan/84095/south-jordan-health-center-3442-91730,,
Southern Utah University Pride Alliance,87jYfOtTQjyqayimV9CQ-A,false,https://uploads-ssl.webflow.com/5f2ad784e8fae48bcf796a04/5f5642cf508736f345ad976b_SUU%20Pride%20Alliance.png,false,"Pride Alliance is a committee comprised of students, staff, faculty, and administrators dedicated to supporting the Lesbian, Gay, Bisexual, Transgender, Queer, Intersex, and Asexual (LGBTQIA+) community on the campus of Southern Utah University (SUU)The SUU Pride Alliance works to provide resources such as the SUU LGBTQIA+ and Allies Community CAPS Group, The Safe Space, and the Pride and Equality Club. ",College Resources,Washington County,,,,Pthzxa4fvb6opHQbfRgx2g,false,false,suu.edu/pridealliance/,,,https://www.facebook.com/pages/category/Social-Club/PAEC-at-SUU-Pride-And-Equality-Club-2619248194772375/,,,,pridealliance@suu.edu,"351 W University Blvd, Ceder City Utah, 84720",Student Organizations,,,,,
St. George Health Center,ShGqEPC3R7-RulZC6Chf.w,false,https://hosting.photobucket.com/images/i/lgbtqut/5f36ad95b2ae3f30b8d8e28b_5f36abc5c9770f898e299192_Planned_20Parenthood.jpeg,false,"Services Offered:

Birth Control

HIV Services

Men's Health Care

Morning-After Pill (Emergency Contraception)

Pregnancy Testing & Services

Primary Care

STD Testing, Treatment, & Vaccines

Women's Health Care

Abortion Referrals

For more information, hours, and to book online, please visit the Health Center Website.",Wellness/Medical,Washington County,,,,o78QDG6S3gYXTkzoVTcTxN,false,false,,,,,,,,,"595 South Bluff Street Suite 1 Saint George, UT 84770",,,,https://www.plannedparenthood.org/health-center/utah/saint-george/84770/st-george-health-center-2813-91730,,
Stockton Powers Memorial Scholarship,OZ8barp0S4WiljLciOrg.w,12,https://uploads-ssl.webflow.com/5f2ad784e8fae48bcf796a04/5f5630a01dc0c314cac46b3f_5f36b24f6baf8e9e7fa053d0_Stockton%2520Powers%2520Memorial%2520Scholarship.png,false,"GENERAL INFO

The Stockton Powers Memorial Scholarship is available to those who apply for themselves or for those who believe there is someone who is deserving of this scholarship. The scholarship may be applied to tuition cost, book fees, housing, educational tools, and daily expenses. Recipient will receive a certain dollar amount according to needs*. Please contact us with any questions about eligibility or if you need any help applying.

ELIGIBILITY CRITERIA

In order to be eligible to apply for the Stockton Powers Memorial Scholarship, you must meet the following requirements:

High School Senior to 25 years of age

Furthering your education

Utah applicants only

Maintain a GPA of 2.8 or above 

WHY WE DO ITStockton was born in Salt Lake City, UT on May 5, 1999. He was a long-awaited blessing for our family. Stockton was very adventurous. Whatever he loved, he gave 110%. He loved to swim, play guitar and sing. He was brilliant at these things and truly found his place doing them. When Stockton was 13 years old, he showed our family just how courageous he was when he came out to our family and told us that he was gay. This of course didn't change the way we loved and cared for him, but it did change the way others in our community treated him. Stockton was often more worried about the way others felt than his own feelings, even when he was hurting inside. He was the first to offer a hug to anyone who needed one and was a friend to everyone. He was such an awesome hugger! Although Stockton was deeply loved by his family, he didn't feel that in other places and communities. On June 27, 2016 we lost Stockton to suicide. We will never be the same. Our hearts are in pieces. There needs to be a change, not only for our Stockton, but for all the other children who feel they don't have a place because they are seen as different. Our goal is to raise awareness around suicide, not only in the LGBT community, but for everyone affected by this ever-increasing tragedy.",College Resources,,,,,9D3uJsmV8txRZPU4jMsj5B,false,false,https://www.standingforstockton.com/,,,,,,,,,Scholarships,,,,,
Stonewall Sports,KPCWMwu-Sa-Y4S5vFCRMuw,12,https://uploads-ssl.webflow.com/5f2ad784e8fae48bcf796a04/5fbd74565cd65ce2d7a50639_download%20(13).png,false,"WHO WE ARE: 

Stonewall Sports - Salt Lake City is an LGBTQ+ and Ally not-for-profit sports league. We strive to develop a well-connected and diverse community through organized competition and social or fundraising events.

 ‍
VISION: Our Vision is that EVERY person should have the ability to feel comfortable playing organized sports and that we have the responsibility to give back to our community. ‍

MISSION: Our Mission is to provide an inclusive, low cost, high FUN sports league that is managed as a non-profit with a philanthropic heart.‍ 

Stonewall Sports Salt Lake City was founded in 2018 to create an inclusive community that has fun through playing sports and giving back with a philanthropic heart. We are an LGBTQ+ organization that celebrates allies and people from all walks of life. Please find a sport that you love and join! We hope you can meet some new friends and have a blast while doing it. You don't have to be the most athletic or serious player either. We are here to play on a recreational level.",Social Groups,Salt Lake County,,,,LPLSnRGe4fcod4tBBUpSCk,false,false,http://www.stonewallsportsslc.org/,,,https://www.facebook.com/SLCSTONEWALL/,,,,saltlakecity@stonewallsports.org,,,https://www.instagram.com/stonewallsportsslc/,,,,
SUU Pride Alliance Sexuality and Gender Resources,G8tGnuBNQcueevw8wJ14QA,12,https://uploads-ssl.webflow.com/5f2ad784e8fae48bcf796a04/5f5642cf508736f345ad976b_SUU%20Pride%20Alliance.png,false,"The Center for Diversity and Inclusion is committed to advocating for our lesbian, gay, bisexual, trans, queer, intersex, and asexual (LGBTQIA+) students, staff, and community members. We believe in creating an environment where sexual and gender diversity is respected and celebrated. As a Center, we resist any actions contrary to the health and success of our LGBTQIA+ communities.",College Resources,Washington County,LGBTQ+ Adult,,,,false,false,https://www.suu.edu/pridealliance/resources.html,435-865-8482,,https://www.facebook.com/SUUPAEC/,,,,pridealliance@suu.edu,"351 W University Blvd. Cedar City, Utah 84720",Student Organizations,https://www.instagram.com/suu_paec/,Student,,,
TEA of Utah,kSY-1gQjTMupHhFLNujwkg,12,https://uploads-ssl.webflow.com/5f2ad784e8fae48bcf796a04/5fb96b6ee5e1d88b0072fdc3_TEA.jpg,false,"To our LGBTQIA+ students, please know you belong here. You are supported, you are valid, and you are not alone. We look forward to working alongside you.",Education/Advocacy,,Trans,,,fgutTBEws6gPCeeCafoNt4,false,false,https://www.teaofutah.org/,,,https://www.facebook.com/TEAofUtah.org/,https://twitter.com/TEAofUtah,,,,,,,,,,
Teen Support Group,75jAyg.OQ-GsEl7O1p2N.w,12,https://uploads-ssl.webflow.com/5f2ad784e8fae48bcf796a04/5f358fc72b040487de0d14ba_Cache%20Pride.jpg,false,"Cache Pride Center gives youth a physical and emotionally safe space. Each week we provide a hot meal and check-in with our youth. Our groups are tailored to the needs of our youths through support groups, one-on-one therapy, individually crafted lessons to develop lifelong skills, creative expression workshops, games, peer support, guided discussions, sexuality education, and during the school year, an hour of tutoring to see our youth succeed in school. During our groups, our youth have access to food, clothing, and hygiene items to provide for their basic needs. We also provide assistance in accessing affirming health care, mental health care, local organizations, suicide prevention and additional relevant resources.‍Teen (Ages 14-18)596 E 900 N, Logan, UT 84321Fridays 5pm – 8pmFor LGBTQIAP+ youth‍",Support Circles,Cache County,Young Adult,,,KFbkHkiQTZBSKuVHbGNkxk,false,false,cachepridecenter.org,(435) 363-5473,,https://www.facebook.com/CachePrideCenter/,,,,cachepridecenter@gmail.com,,,,,,,
The OUT Foundation,jHIDim61T3CcvZ4xHRgIzQ,,https://uploads-ssl.webflow.com/5f2ad784e8fae48bcf796a04/6125a653c64d94f83d551580_Bee_logo_Artboard%201.png,false,"Our mission is to empower the LGBTQ+ students and alumni of Brigham Young University in achieving their intellectual, social, and professional potential. We do this by completing initiatives based on the needs of our students and alumni.",College Resources,Utah County,,,,Z4eWR4NsQqZC8SPRRg24ev,false,false,https://www.theout.foundation/,(801) 691-6149,,https://www.facebook.com/theOUTfoundation/,,,,info@theout.foundation,,Supporting Non-Profit ,https://instagram.com/theoutfoundation?igshid=1q6cgtiz1prc8,,,,
The Royal Court of the Golden Spike Empire,FGJaqfbKT6Sm9h3zw5VhHA,13,https://uploads-ssl.webflow.com/5f2ad784e8fae48bcf796a04/6114929acf584a497d4e49af_GSA.jpg,false,"The Royal Court is a registered 501 c(3) organization and is, in fact, Utah’s oldest LGBTQ+ Organization. Founded in 1976, we were originally established as a social organization for the LGBTQ+ community of Utah to have a safe place to gather and raise money for various groups and organizations in Utah.  We have been a part of many firsts in the Salt Lake City LGBTQ+ community and even started the yearly pride celebration that is so popular today.  Many members of our Founders Table are still around and still a part of the many great things that we do.

As the years progressed, and the issues facing the community changed, our focus changed to helping individuals in need. We began focusing on people dealing with Cancer, HIV / Aids, the Youth, and Transgender individuals, just to name a few. We have many funds that our community members may apply to for financial assistance.  We have our Peoples Concern Fund, Transgender Fund, AIDS Fund, and Cancer Fund, along with many other funds.  Visit our Funds and Applications section to see more information on assistance. Throughout the years we have been able to give out over $1,000,000.00 to the community of Salt Lake City.

“We will enrich our community through positive leadership, strengthening friendships and providing assistance to those who need us.”

The focus of the Royal Court of the Golden Spike Empire is where it has been for over 40 years, on the individuals of the community of Salt Lake City.  We are a volunteer organization open to anyone who has the drive to work hard, raise money and be a positive example and influence for our LGBTQ+ family and the community of Salt Lake City. ",Philanthropy,Salt Lake County,,,,bYH6DBYf8C5xGjfaVXNDvT,false,false,rcgse.org,,,,,,,info@rcgse.org,https://www.facebook.com/rcgse,,,,,,
The Utah Hearth,AZ5c1MHcR4iQzmjVTsPmDA,13,https://uploads-ssl.webflow.com/5f2ad784e8fae48bcf796a04/603bd6ae966471da0bdba72f_THE%20HEARTH%20(2).png,false,"An inclusive community of LGBTQ Latter-Day Saints and those who love them. The Utah Hearth is an organization that invites monthly speakers to share their stories and messages in an effort to support, encourage, and offer hope to LGBTQ Latter-Day Saint members and those that love them. Attendants usually comprise of LGBTQ individuals and family members that are current, or former, members of The Church of Jesus Christ of Latter-Day Saints. Events are usually held the first Sunday of every month in Holladay. Past speakers have included Barbara and Steve Young (NFL/Love Loud Foundation), George and Alyson Deussen (Stockton Powers Memorial Scholarship/Peculiar), and Richard Ostler (Listen Learn and Love Podcast). ",Speaker Series,Salt Lake County,LDS,,,fEn4HPjyWVFcNaK3gqMnkE,false,false,,,https://www.facebook.com/groups/320445228673183,,,,,,,,,,,,
"Trans* Mormons, Families, & Friends Online Community",YrPjRAG2QACU6YiBdeZ2Dg,13,https://hosting.photobucket.com/images/i/lgbtqut/5f663c89dc4ac15aa61147df_novo-logo-afirma_o_n.png,false,"Affirmation Trans* is an inclusive group for Trans* Mormons, and their friends and family. We encourage learning and education of Trans* topics and how they relate to both daily life and the restored gospel. Our goal is to create a welcoming community for Trans* brothers and sisters in Affirmation, where we can find a safe space to learn, grow, and teach through uplifting discussion and heartfelt stories.",Online Community,,Trans,,,kjty9LcLNwLM9emehHjk58,false,false,,,https://www.facebook.com/groups/674629102608451/,,,,,,,,,LDS,,,
TransAction,0H6ayeU1TMqFP1FddjAIeg,13,https://uploads-ssl.webflow.com/5f2ad784e8fae48bcf796a04/60b3f1a3f51b70dd9c04c702_11080978_353214928198566_330726561824751880_n.jpg,false,"The mission of TransAction is to create social community, offer mentorship, and teach life skills to the trans and gender non-binary communities.",Support Circles,Salt Lake County,Trans,,,DgFYvp8wxXEEdbTrmkjQve,false,false,,801-539-8800,,https://www.facebook.com/transactionut/,,,,transaction@utahpridecenter.org,"1380 S. Main Street, Salt Lake City",Social Groups,,,,,
Transactive LDS Support Group,yAOVjMjTSe2fBpQ96Map2w,13,https://uploads-ssl.webflow.com/5f2ad784e8fae48bcf796a04/60b3f1a3f51b70dd9c04c702_11080978_353214928198566_330726561824751880_n.jpg,false,"A faith affirming group to help Transgender/Intersex/Gender Dysphoria individuals and their family members support one another. Group members may be active or former LDS to join, as long as a tone of respect for LDS beliefs is maintained.",Online Community,,Trans,,,fZomLCY2F4JmSqKKkdmNt7,false,false,,,https://www.facebook.com/groups/transactivelds,https://www.facebook.com/TransActiveLDS/?ref=page_internal,,,,,,,,LDS,,,
Transgender Adults Friendship Circle,CFn4NwTLS0GyLVCbYChwtw,13,https://hosting.photobucket.com/images/i/lgbtqut/Encircle_Logo.png,false,"This friendship circle is for transgender folx over the age of 18. 

Friendship Circles?
These groups are designed to provide connection with folx you identify with and help you manage the trials you encounter every day. Friendship Circles create an opportunity for you to take control and thrive in your own life.

Friendship Circles provide opportunities for sharing, connection, and support through discussion of issues and experiences relevant to each group, often exploring the intersectionality of conservative cultures, spirituality, sexuality, social issues, transitional issues, and health issues and the ways it impacts us. The groups also provide a great support network—members in similar circumstances with similar feelings with whom they can share in an open and unedited fashion.

Groups organized by sexuality, age, and/or gender identity.

For schedules and more information please visit your nearest Encircle Home website. 
",Support Circles,Salt Lake County,Trans,Washington County,Utah County,PytDXXYicDUj3mSEzKdYfo,false,false,,,,,,,,,,,,,,,
Trevor Space,dYx8AdLsQ9SecbSdnEJREQ,13,https://uploads-ssl.webflow.com/5f2ad784e8fae48bcf796a04/611492cfa68fb607cc85bda6_the-trevor-project-donation-o.jpg,false,"Start meeting LGBTQ friends today!

TrevorSpace is an affirming international community for LGBTQ young people ages 13-24. Sign up and start a conversation now.",Online Community,,LGBTQ,,,CFTxsixXruYJAHTpz6fHNU,false,false,https://www.trevorspace.org/?utm_source=trevor_website&utm_medium=web&utm_campaign=nav_bar,,,,,,,,,,,,,,
University of Utah LGBT Resource Center,9c.fhO7DSfGwy0stlvMpxQ,13,https://uploads-ssl.webflow.com/5f2ad784e8fae48bcf796a04/61149051fa744a3212772e2c_BlockU_400px.png,false,"The LGBT Resource Center empowers lesbian, gay, bisexual, transgender, queer, questioning, intersex, asexual/aromatic (LGBTQIA+) students to grow as leaders and learners by supporting students in navigating university systems, exploring their identities, finding community, and developing as leaders with a social justice lens. ",College Resources,Salt Lake County,,,,TrfFfRvyXQMHrQp69cstWN,false,false,https://lgbt.utah.edu/,801-587-7973,,https://www.facebook.com/LGBTResource/,https://twitter.com/UofULGBTRC,,,lgbtrc@sa.utah.edu,"200 S. CENTRAL CAMPUS DR, SALT LAKE CITY, UT 84112 ",Student Organizations,https://www.instagram.com/lgbtresource/?hl=en,,,,
University of Utah Transgender Health Program,j8Q1Rs8gT1SHABwWxtgryg,13,https://uploads-ssl.webflow.com/5f2ad784e8fae48bcf796a04/61149051fa744a3212772e2c_BlockU_400px.png,false,"The Transgender Health Program at the University of Utah Health brings quality healthcare to trans adults and teens from all walks of life. We welcome all identities and expressions seeking our services. We understand that every trans or gender-nonconforming person’s experience is unique. Our doctors will be there to give you endless support wherever your journey takes you.

Your comfort and trust matter the most to us. We provide a safe, trans-affirmative environment where patients can comfortably access the full range of health services they need. This includes primary care; surgery and hormone therapy; and mental health, counseling, and nutrition services. We will even help you navigate your care and finances to find the best care that fits your budget. ",Wellness/Medical,Salt Lake County,Trans,,,E6KzxdBjSS4k2D7u4iwZQm,false,false,healthcare.utah.edu/transgender-health,801-213-2195,,,,,,transgenderhealth@hsc.utah.edu,,,,,,,
Utah AIDS Foundation,9BkpJzZER7-7o7S5V1jfKQ,13,https://uploads-ssl.webflow.com/5f2ad784e8fae48bcf796a04/5fb286359815020668a1db2a_UAF.jpeg,false,"MISSION

Utah AIDS Foundation, through client-driven services, champions sexual health and overall well-being for those living with or at risk for HIV and other STIs.

VISION 

Utah AIDS Foundation works to achieve a future where everyone has equitable access to HIV and STI education, prevention, treatment, and care. 

SERVICES

The Utah AIDS Foundation provides support to people living with HIV/AIDS, and prevention services for those at risk for HIV.    We offer assistance and expertise to anyone struggling with the complex issues that surround HIV, because we believe that no one should have to confront this disease alone.

 - HIV/STI Testing

- HIV/STI Info Hotline

- Case Management & Support

- Food Bank

- Educational Presentations

- Syringe Exchange",Wellness/Medical,Salt Lake County,,,,JWdaM4v8kbF6CZQw8HLrHU,false,false,utahaids.org,801-487-2323,,https://www.facebook.com/utahaidsfoundation,https://twitter.com/UtahAIDS,,,,"1408 1100 E, Salt Lake City, UT 84105",,https://www.instagram.com/utahaidsfoundation/,,,,
Utah Asexuals,60OfnduNReWDinYhDh7XOw,13,https://uploads-ssl.webflow.com/5f2ad784e8fae48bcf796a04/5fb2d7100e504cfd3b8145c5_download.png,false,"Utah Asexuals strives to develop a welcoming and open environment that stands for inclusion, affirmation, and support for all the asexual &amp; aromantic community of Utah.",Social Groups,Salt Lake County,Asexual,,,CzLHNimQrmLVc7yE5STum9,false,false,,,https://www.facebook.com/groups/utahaces,https://www.facebook.com/UTAces,https://twitter.com/UAsexuals,,,utahasexuals@gmail.com,,Support Circles,,,,http://www.meetup.com/SLC-Aces,
Utah Bears,DBmBhJTGQKiH9x16w3FIUA,13,https://uploads-ssl.webflow.com/5f2ad784e8fae48bcf796a04/6114931ba68fb60b9085bdd4_idRc1AK6.jpg,false,"We are a men’s membership-based social and service group organized and operated exclusively to support and to promote diversity and inclusion in our community; foster positive community involvement; and provide opportunities which enhance the personal growth of our members, the Bear community, and the LGBT community as a whole.",Social Groups,Salt Lake County,Gay Men,,,DEStKLMf5BY725DvzoVRep,false,false,utahbears.com,,,https://www.facebook.com/utahbears/,https://twitter.com/utahbearsinc,,,info@utahbears.com,,,https://www.instagram.com/utahbearsinc/,,,,
Utah Center for Legal Inclusion,46Lawh8hTj6.cmMUJZTMlw,13,https://storage.googleapis.com/glide-prod.appspot.com/uploads-v2/vZEd46xUe6vz0E68sGvW/pub/OvuFnk21v0chv4YquLTy.png,false,"The Utah Center for Legal Inclusion (UCLI) is a 501(c)(3) nonprofit organization dedicated to advancing the goals of equity and inclusion in Utah’s legal profession. By coordinating with the Utah State Bar and its affinity groups, legal employers, government agencies, educational institutions, and community partners, UCLI strives to enhance organizational inclusion, facilitate educational opportunities and professional advancement for students and attorneys with diverse backgrounds, assist in eliminating bias in Utah’s justice system, and track the progress of legal inclusion efforts throughout the state. UCLI invites all to participate in its inclusion initiatives, which will help strengthen Utah’s legal institutions in an increasingly diverse state.",Professional Services,Salt Lake County,Adults,,,,false,false,https://www.utahcli.org,(801) 746 – 5221,,https://www.facebook.com/UtahUCLI/,https://twitter.com/utahcli?s=21,,,ucli@utahcli.org,"645 South 200 East
Salt Lake City, Utah 84111",,https://www.instagram.com/utahcli,,,,
Utah Coalition Against Sexual Assault - LGBTQ Coordinating Counsel,WhEuMxUmSmSTmApqMSHAnw,13,https://uploads-ssl.webflow.com/5f2ad784e8fae48bcf796a04/61149346f9a74f1e9aeb944c_logo-comb.png,false,"Our Statewide LGBTQ Coordinating Council Advisory Council (Council) is a permanent advisory council located within the Utah Coalition Against Sexual Assault (UCASA). It was established by a vote of the Board of Directors in 2017 to ensure that LGBTQ survivors and victims of sexual violence are represented in victim services organizations, institutions, and partnerships that serve sexual violence survivors statewide. This includes but is not limited to:

Ensuring adequate representation of LGBTQ survivors in all Sexual Assault Response Teams (SARTs) statewide.

Ensuring that LGBTQ-affirming training is provided statewide to sexual violence programs, law enforcement, and any other institution that interacts with sexual violence survivors.

Ensuring that print, online, and others forms of information are available online to improve services for LGBTQ survivors of sexual violence.

Producing LGBTQ-affirming materials for distribution statewide with a focus on rural, underserved, and culturally-specific programs and communities.

Assist organizations serving LGBTQ survivors to understand the unique cultural, historical, and institutional barriers faced by LGBTQ survivors in accessing services.

As the Council expands we expect that members of the Council and the community will identify additional goals and objectives that cannot currently be anticipated by our organization. 
The Council addresses many important issues of interest to LGBTQ people and our allies. The Council utilizes the existing infrastructure of UCASA to define issues of concern to the LGBTQ community and find innovative ways of utilizing UCASA’s resources to help address these issues. Council members meet monthly and provide quarterly status updates to the Board of Directors. 

We recognize that sexual orientation and gender identity are integral aspects of our lives and communities. The Council works to ensure that our policies, communications, and actions reflect this fact. We further recognize that the LGBTQ is not a monolithic, homogenous community and that our work must reflect the incredible vibrancy, uniqueness, and strength of the LGBTQ community.

Members are encouraged to act as a conduit for the broader LGBTQ community and to help ensure that UCASA is meeting the needs of all of our LGBTQ constituents. Throughout their time on the Council, members may serve on subcommittees and are encouraged the embrace their role representing the organization. The Council reports to the Board of Directors and will regular progress reports as well as give recommendations for improvements to UCASA’s programming and goals.",Education/Advocacy,Salt Lake County,,,,cwAVg36A9rGkmPw4HyYgkr,false,false,https://www.ucasa.org/lgbtqq,801-746-0404,,,,,,info@ucasa.org,"284 West 400 North Salt Lake City, Utah 84103",,,,,,
Utah FAM,ldTmxD4IRViHvtbh8.PiWw,,https://uploads-ssl.webflow.com/5f2ad784e8fae48bcf796a04/60b3a872bb547ffdf40cf9e3_Untitled%20design%20(8).png,false,"Founded Kody Colvin, Alli Martin, and Tyson Price in 2016, Utah FAM works to make Utah schools better for LGBTQ+ teachers and students. Utah FAM has delivered hundreds of professional learning workshops, seminars, and trainings at schools, companies, and homes. We organize monthly educator socials via Zoom open to teachers across the state. We make new friends, celebrate successes, share ideas and resources, and provide individualized support.

Utah FAM educators seek to empower LGBTQ+ teachers and allies to embed LGBTQ+ affirming practice into schools and classrooms.",Education/Advocacy,,LGBTQ,,,Edtg49XVyJJt9FaugdFfpQ,false,false,https://utahfam.org/,,,https://www.facebook.com/FAM.SLC,,,,,,,https://www.instagram.com/fam_utah/,,,,
Utah Fertility Clinic ,FXwte0KgT4KRB32LiU7LsQ,14,https://uploads-ssl.webflow.com/5f2ad784e8fae48bcf796a04/61149380a2c309164b4cf77e_unnamed%20(1).jpg,false,"LGBTQ Family Building

Everyone’s journey to parenthood is unique, and we strive to make this experience as seamless and comfortable as possible.  Whether you need donor sperm, donor eggs, or a gestational carrier (surrogate), our reproductive specialists and staff will help you to navigate the process to best fit your needs.  LGBTQ family building may involve intrauterine inseminations or In Vitro Fertilization, and we welcome the opportunity to help all couples or individuals conceive.

Fertility Treatment for Lesbian Couples


Treatment for lesbian couples is typically intrauterine inseminations (IUI) or In Vitro Fertilization (IVF) using donor sperm.  A consultation with one of our physicians and review of both partners’ medical history can help determine the most optimal treatment options. Questions to consider are whose eggs will be used and who will carry the baby.

Treatment for Gay Couples


Treatment for gay couples involves In Vitro Fertilization (IVF) and third-party reproduction, which entails egg donation and gestational surrogacy.  Beginning with a fertility consultation, your physician will guide you into the initial necessary steps. A semen analysis and required FDA testing is completed on one or both partners whose sperm will be utilized. Egg donors can be known (family members or friends) or can be chosen through our anonymous egg donor database.  Utah Fertility Center has an online database with a substantial number of egg donors.  We also work with many gestational carrier agencies and are happy to work with independent matches as well. Your attentive third party coordinator will work closely with you and your physician as they walk you through every step of your journey.

To learn more about our LGBTQ family building in St. George, Pleasant Grove, Salt Lake, Ogden, and Park City we encourage you to contact us today.",Wellness/Medical,Salt Lake County,,Weber County,Washington County,WAKvNsehBTjU7sV5ToCJeb,false,false,utahfertility.com,801-785-5100,,https://www.facebook.com/UtahFertility,https://twitter.com/UFCbabies,,https://www.youtube.com/channel/UC0_HnXtk4VAh7iv6aYqr8tg,,,,https://www.instagram.com/utahfertilitycenter/,,,,Utah County
Utah Gay Fathers Association,MqC4lt.-QU2xEH2aYQPyhw,14,https://uploads-ssl.webflow.com/5f2ad784e8fae48bcf796a04/611493b6f1c289074e6c8750_430720_255500641198412_2020205657_n.jpg,false,"UGFA exists to provide support, community, and educational resources to Utah’s gay fathers and future fathers.

The Utah Gay Fathers Association is a group dedicated to holding monthly, in-person social gatherings of gay dads. Our focus is to embrace, affirm, and improve ourselves as gay fathers and men; to socialize and share the unique and universal joys, strengths, and challenges that we face as gay fathers in Utah. 

As a group we have discussions about what it means to be a gay father, current issues group members may be facing, helpful suggestions, venting, personal therapeutic or legal recommendations, etc.
",Support Circles,,Gay Men,,,fTHMwBG53yGb5R2HPHPemC,false,false,,,,https://www.facebook.com/utahgayfathers/,,,,utahgayfathers@gmail.com,,,,,,,
Utah LGBT Young Adult Hangouts,rOrhlNG0QiyDcdrErb2zRQ,14,https://uploads-ssl.webflow.com/5f2ad784e8fae48bcf796a04/60a7d80564267c639e4bb108_Screenshot_20210212-160905-636.png,false,"This is a safe place for LGBT+ teens and young adults to hangout, make friends, and connect with others. Events and Hangouts are held at the beginning of every month, hosted by Jessie Funk and Robby Talbot. Straight Allys wanted and welcome! Everyone is welcome, accepted, and loved. Come join! ♥️",Social Groups,Davis County,Young Adult,,,XquKcqikNpGtV9mbaxwEtf,false,false,,,https://www.facebook.com/groups/574420233039108,,,,,,,,https://instagram.com/utahlgbthangouts?utm_medium=copy_link,,,,
Utah LGBTQ+ Chamber of Commerce,4S-d-PPYQdCPPeM5aKN0uA,14,https://uploads-ssl.webflow.com/5f2ad784e8fae48bcf796a04/611493d1cd52a7edb255b725_event-featured-Mic-1553122300.png,false,"The Utah LGBTQ+ Chamber of Commerce is open to corporations of all sizes, sole proprietors and independent agents regardless of sexual orientation, gender identity, or gender expression. This is a great place to meet other professionals, make business contacts, promote your business and work for the enhancement of Utah’s LGBTQ+ community",Professional Services,Salt Lake County,,,,gJf8tBdpuQpYeDMpvkgCTi,false,false,https://www.utahlgbtqchamber.org/,385-743-9211,,https://www.facebook.com/utahgaychamber/,,,https://www.youtube.com/channel/UCuVWpqBM3U8446EF7QwMQBw,boardofdirectors@utahlgbtqchamber.org,,,https://www.instagram.com/utah.gay.chamber/,,,,
Utah LGBTQIA+/SSA Friendly Housing,OLg2IzQCSGyMo.mQuwiDFQ,14,https://uploads-ssl.webflow.com/5f2ad784e8fae48bcf796a04/611494010dac64fbb6df8b36_groups-default-cover-photo-2x.png,false,A Facebook group for those looking for LGBTQIA+/SSA freindly housing in Utah.,Queer Housing,,,,,ns8pUKdrN34tG9cnPGKQei,false,false,,,https://www.facebook.com/groups/utahlgbthousing/about,,,,,,,,,,,,
Utah Pride Center,Hc8eW5DZTFCdx.0CuaXCNA,14,https://hosting.photobucket.com/images/i/lgbtqut/Logo_-_square.jpg,false,"Mission: Utah Pride unites, empowers and celebrates Utah’s diverse LGBTQ+ community by providing a safe and welcoming space for education, partnership, service, and events which advance our collective health, wellness and success.",Pride Center,Salt Lake County,,,,QQ2wQZJASavajJSkfs6nJC,false,false,utahpridecenter.org,+1 801 539 8800,,https://www.facebook.com/UTpridecenter/,https://twitter.com/utahpridecenter?lang=en,,https://www.youtube.com/channel/UCpZqrt8p-U99oYAw2STZl-Q/featured,information@utahpridecenter.org,"1380 South Main, SLC, UT, 84115",,https://www.instagram.com/utahpridecenter/?hl=en,,,,
Utah Pride Center Counseling,aXDW.ri2T1WVHZ7CN0nfdg,14,https://hosting.photobucket.com/images/i/lgbtqut/Logo_-_square.jpg,false,"The Utah Pride Center’s Community Counseling practices an affirmative approach to psychotherapy, working with our young and older folks to uncover their interpersonal concerns within the context of their gender identity or sexual orientation.Our affirmative and supportive approach involves a strong focus on the therapeutic alliance, with therapists serving as advocates for the client and being mindful of the LGBTQ+ experience. Using this developmental, evidence-based and culturally sensitive understanding, our therapists engage in a meaningful and queer supportive approach.‍",Mental Health/Counseling,Salt Lake County,,,,3QbchZtrhZ7SbuRzBbifsx,false,false,http://utahpridecenter.org/mental-health,801-539-8800,,,,,,therapy@utahpridecenter.org,"1380 South Main, SLC, UT, 84115",,,,,,
Utah Rainbow Hikers,a.WrxHMsgSaiwVqirzNH5XA,14,https://storage.googleapis.com/glide-prod.appspot.com/uploads-v2/NSfaaNV0fRhAK9yZqEUi/pub/egf4RgUsaw6OGJcfM1eq.jpg,false,"A queer, trans, LGBTQ+ inclusive hiking group in Northern Utah. Join us as we create an inclusive outdoor community for us by us!",Social Groups,Salt Lake County,,Cache County,Davis County,,false,false,,,,https://www.facebook.com/utahrainbowhikers,,,,,,,https://www.instagram.com/utahrainbowhikers/,,,,Weber County
Utah SAGE,uuVrXGNaRHizMkMEhS0Nyg,14,https://hosting.photobucket.com/images/i/lgbtqut/Logo_-_square.jpg,false,"SAGE provides services and resources for the LGBTQ senior community.  SAGE has four foundational pillars and five areas of focus that support those foundational pillars.  Every program, group or event is designed with that support in mind.  SAGE supports each person so they can live their best senior lives.

FOUNDATIONAL PILLARS
- Community Education
- Provider Education
- Social Needs
- Advocacy


AREAS OF FOCUS SUPPORTING THE PILLARS

- Socialization (events, activities, functions, gatherings, outings, travel, networking)Emotional (relationships, love, caregiving, caretaking)
- Physical (housing, healthcare, transportation, financial, sexual health/well being, exercise)- 
- Spiritual (connectivity, self-awareness, renewal, self-enlightenment, re-invention and evolving)


You may reach Deb Hall - Director of Ault Programs below. Telephone extension x1017",Support Circles,Salt Lake County,Senior,,,h7spSv4x9UB6PJ8oV3YvYT,false,false,https://www.utahpridecenter.org/senior-programs,801 539 8800,,,,,,debhall@utahpridecenter.org,,,,,,,
Utah Trevor Project,D4MXtt0nQn-UBUGaW3TxAQ,14,https://uploads-ssl.webflow.com/5f2ad784e8fae48bcf796a04/60b3ba3cfb2fc9c72f3bd236_34506545_1987836091291179_115008478178705408_n.jpg,false,Utah Ambassador Commitee for The Trevor Project. The Trevor Project provides crisis & suicide intervention services to 200K+ youth annually. ,Crisis,,,,,KA4JmiozPEKqCM5r7o8K4T,false,false,,,,https://www.facebook.com/utahtrevorproject/about/?ref=page_internal,,,,,,,https://instagram.com/utahtrevorproject?utm_medium=copy_link,,,,
Utah Valley Health Center,2PDC4LA7R4WuXscHz8PdXg,,https://hosting.photobucket.com/images/i/lgbtqut/5f36ad95b2ae3f30b8d8e28b_5f36abc5c9770f898e299192_Planned_20Parenthood.jpeg,false,"Services Offered:

Birth Control

HIV Services

Men's Health Care

Morning-After Pill (Emergency Contraception)

Pregnancy Testing & Services

Primary Care

STD Testing, Treatment, & Vaccines

Women's Health Care

Abortion Referrals

For more information, hours, and to book online, please visit the Health Center Website.",Wellness/Medical,Utah County,,,,JRwFgK674bJocyotgY8MA2,false,false,,,,,,,,,"1086 North 1200 West Orem, UT 84057",,,,https://www.plannedparenthood.org/health-center/utah/orem/84057/utah-valley-health-center-2257-91730,,
VentureOUT Utah,0H4DhOt6TNegCYDORtIIlg,15,https://uploads-ssl.webflow.com/5f2ad784e8fae48bcf796a04/5f2cdc847f3202dc59be00e6_5f2c4f1cfb9fc058dd273767_103776206_10217058209786670_8504971671522307530_o.jpeg,false,"LGBT friendly group, welcome to all. It is our goal to promote adult, amateur outdoor recreation regardless of age, ability, gender identity, or sexual orientation. We want to inspire a sense of community and comradeship between members and participants. Group members are encouraged to share their upcoming outdoor activities so that others may join in the fun.We love the outdoors and chances are, you do too! Getting OUTside is fun! We are what we want to be, but primarily focused as an outdoor camping and hiking group. Going outdoors or hosting a social event? We like those who will make just about any excuse to get together for a good time and outdoor recreation. See you on the trail!",Social Groups,,,,,VF7dBCdLi3KefebsG9YG2K,false,false,,,https://www.facebook.com/groups/Venture.OUT.Utah,,,,,,,,,,,,
Voices of Hope,cZkVT0U9QC-KPmgHTSn.-w,15,https://uploads-ssl.webflow.com/5f2ad784e8fae48bcf796a04/5fb495d33c18f3515b791d62_north%20star.jpg,false,"The personal stories shared on this site serve as an extension of the book, the Voices of Hope. It is a living repository of faithful members of The Church of Jesus Christ of Latter-day Saints sharing their stories of how they seek to reconcile their sexual orientation or gender identity with their faith. you'll hear how they have chosen to embrace the restored gospel, the inherent challenges they face, and how they’ve found peace in their decisions.",Video Project,,LDS,,,5iL2MXbT368o7gDjJUW4JW,false,false,northstarlds.org/voices-of-hope,,,,,,,,,,,,,,
Volunteers of America (VOA) Youth Resource Shelter,qSwkVcceTxWftG-jN2FK6g,15,https://uploads-ssl.webflow.com/5f2ad784e8fae48bcf796a04/6114941a500330006545afb6_3308_ut-homeless_youth_resource_center_kiq.jpg,false,"We provide year-round support for individuals living on the street through basic need items, education assistance, employment services and housing assistance.",Homeless,Salt Lake County,,,,iBcgLmpXAcdp496Kvu999N,false,false,voaut.org/homeless-youth-services,(801) 363-9414,,http://www.facebook.com/voaut,http://www.twitter.com/voaut,,,,"888 SOUTH 400 WEST, SLC, UT 84101",,https://www.instagram.com/voaut/,,,,
"We're Here, We're Queer: A Proclamation to the World",AYS5EyYESKel48gf0YuszA,15,https://uploads-ssl.webflow.com/5f2ad784e8fae48bcf796a04/6181ce5c75bd9f17ec52e023_241492242_636212557754720_1443494479478125908_n.jpg,false,An anthology project that will include creative pieces from queer Mormons around the world about how they integrate their spirituality and queerness🌈🐝,Community Project,,,,,,false,true,hereandqueermormon.wixsite.com/queermormonanthology,,,https://www.facebook.com/Were-Here-Were-Queer-A-Proclamation-to-the-World-103240898773969,https://twitter.com/mormon_queer,,,,,,https://www.instagram.com/aqueermormonanthology/,,,,
Weber State LGBT Resource Center,419P0HtSRquVxt9gop.pcw,15,https://uploads-ssl.webflow.com/5f2ad784e8fae48bcf796a04/6125aefb9ca036607271dfa9_10712629_959404910754134_768681519791725567_o.jpg,false,"“Cultivating a welcoming and safe environment for the LGBT community, their family, friends and allies through access learning and support.""

LGBT Resources Program serves WSU by creating, maintaining, and strengthening an inclusive and safe campus environment for people of all sexualities, gender identities, and gender expressions through educational programs, advocacy, ally support, peer mentoring, and community outreach",College Resources,Weber County,,,,,false,true,weber.edu/lgbtresourcecenter,"801-626-7271
",,https://www.facebook.com/WeberStateLGBTcenter/?ref=page_internal,,,,jaysonstokes@weber.edu,,Student Organizations,,,,,
West Valley Health Center,KsWnYuseSBe4u6.Mo4l2.A,,https://hosting.photobucket.com/images/i/lgbtqut/5f36ad95b2ae3f30b8d8e28b_5f36abc5c9770f898e299192_Planned_20Parenthood.jpeg,false,"Services Offered:

Birth Control

HIV Services

Men's Health Care

Morning-After Pill (Emergency Contraception)

Pregnancy Testing & Services

Primary Care

STD Testing, Treatment, & Vaccines

Women's Health Care

Abortion Referrals

For more information, hours, and to book online, please visit the Health Center Website.",Wellness/Medical,Salt Lake County,,,,Q89xokxLQ96AHt2ATVQai4,false,true,,,,,,,,,"1906 West 3600 South West Valley City, UT 84119",,,,https://www.plannedparenthood.org/health-center/utah/west-valley-city/84119/west-valley-health-center-3568-91730,,
Westminster Queer Compass,4cHAdg-FRK2UVLQtfD69eQ,16,https://uploads-ssl.webflow.com/5f2ad784e8fae48bcf796a04/5fbd5e9c047dc60f8b1c3314_Westminster%20Queer%20Compass%20(1).png,false,"Queer Compass is a student-led, administratively supported initiative through the Student Diversity and Inclusion Center that serves the Lesbian, Gay, Bisexual, Transgender, Queer/Questioning, Intersex, Asexual/Ally+ (LGBTQIA+) population on Westminster's campus.This initiative aims to foster community, visibility, and openness within the Westminster community. We host meetings where attendees can participate in multifaceted intersectional dialogues surrounding topics such as marginalization, victimization, safety, power, privilege, identity, gender, sexuality, higher education, and growth.Queer Compass creates a sense of belonging and community for students based on the shared interest and/or identity of queerness. The group provides resources including volunteer opportunities within the LGBTQIA+ community and emotional support in times of need.‍Gender-Neutral RestroomsWith the generous donation of gender neutral bathroom signage from SmartSign, we are working to make Westminster College's bathrooms inclusive for all.‍EventsTo create a space for members to learn, grow, and build friendships, we organize a variety of fun events throughout the school year. We have taken students on an excursion to the Utah Museum of Contemporary Art, dinner at City Creek Center, and to the Mystery Escape Room at The Gateway. To celebrate the end of finals, we enjoy holding a closing social, which in the past has featured guest speakers from the Rape Recovery Center discussing healthy relationships.We also invite members to volunteer at the Utah Pride Center’s annual Queer Prom for high school students at the Salt Palace each April, and we love to attend the Utah Pride Festival every summer.‍",College Resources,Salt Lake County,,,,aQTmaZBQ8kLC8XwSZWCdFf,false,true,westminstercollege.edu/student-life/student-diversity-and-inclusion-center/queer-compass,,,https://www.facebook.com/QCatWestminster/,https://twitter.com/QueerCompassWC,,,diversity@westminstercollege.edu,"1840 1300 E #105, Salt Lake City, UT 84105",Student Organizations,,,,,
Women and Non-Binary People Online Community,yiYudwnJQjSZquhi9F7YbA,16,https://hosting.photobucket.com/images/i/lgbtqut/5f663c89dc4ac15aa61147df_novo-logo-afirma_o_n.png,false,For Mormon LGBTQIA+/SSA women and non-binary people who have affinity in some aspect with being a woman or being female and being Mormon/LDS in heritage or practice,Online Community,,LDS,,,S393fBwe5NUUWt633qKCzY,false,true,,,https://www.facebook.com/AffirmationWomen?fref=ts,,,,,,,,,,,,
WSU Matthew Shepherd Scholarship,3GXR-pxGT2OgBGoINLSnuA,16,https://uploads-ssl.webflow.com/5f2ad784e8fae48bcf796a04/6114942efa35a781b4d2f0df_athletics_stacked.jpg,false,"The purpose of this endowed scholarship is to support students at Weber State University who identify as a sexual or gender minority as well as their allies. It is a goal of this scholarship to educate individuals about issues concerning sexual and gender minorities and to create an atmosphere of support and nurturing for all students at Weber State University. 

Scholarship applications are taken during Spring Semester and scholarships are awarded for the academic year starting in Fall Semester. Scholarship Awards can cover resident tuition, books, fees and other educational expenses. 

The Weber State University Matthew Shepard Scholarship strives to: 

Build awareness of the academic achievements and community service of sexual and gender minority students at Weber State University. 

 Encourage recipients to complete their studies and become an engaged, supportive community leader.

Raise the hopes and aspirations of sexual and gender minority students, many of whom strive against great obstacles. 

Build a healthier and more positive understanding of sexual and gender minorities both among themselves and in the public mind.
 
For more information please contact Jayson Stokes, M.Ed. using the methods listed below",College Resources,,,,,7PhvvCP2rKT6HjpY44Broh,false,false,weber.edu/lgbtresourcecenter/Matthew_Shepard_Scholarship.html,"801-626-7271

",,,,,,jaysonstokes@weber.edu,,Scholarships,,,,,
Youth Activity Night,RYBSszqCT3GDOANhjCmJNg,16,https://hosting.photobucket.com/images/i/lgbtqut/Logo_-_square.jpg,false,"Youth Activity Night is a 10-14 age social group. We do a variety of activities, like game nights, craft nights, and speaker nights. An orientation is required.

Orientations can be completed from 3:00 pm-4:30 pm on Mondays, Tuesdays and Fridays.",Social Groups,Salt Lake County,Youth,,,Vgh9tLgboE7oWTebzFdpiE,false,false,utahpridecenter.org,801-539-8800,,,,,,youth@utahpridecenter.org,"1380 South Main, SLC, UT, 84115",,,,,,
Youth Futures (Ogden),iOFVtRWOSp21e21hCZ9wkw,16,https://uploads-ssl.webflow.com/5f2ad784e8fae48bcf796a04/5f663a8a013a6d5cde0ba425_Youth%20Futures.jpg,false,"Youth Futures (Ogden) provides safe shelter, collaborative resources, respectful guidance and diverse support to homeless, unaccompanied, runaway and at-risk youth in Northern Utah. Youth Futures provides emergency shelter, temporary residence and supportive services for runaway, homeless, unaccompanied and at-risk youth ages 12-18. The shelter is open 24 hours per day.

Drop-In Services (6:30am-8:00pm - Everyday)

- 3 Hot Meals A Day (6:30am, 12pm, 5pm)
- Access to Hygiene, clothing, food, etc.
- Meet with a Case Manager
- Computer Stations
- Shower Services
- Laundry Services
- Transportation Assistance
- Therapy (Individual/Group/Family) 
- Life Skill Classes 
- Street Outreach: Youth Futures’ Street Outreach is conducted twice per week and provides outreach and crisis services on the streets to youth in Ogden",Homeless,Weber County,,,,eKJEAZjCy4SE9ArUuWYh8p,false,false,youthfuturesutah.org,801-528-1214,,,,,,info@yfut.org,"2760 Adams Ave Ogden, UT",,,,,,
Youth Futures (St. George),7tegirC-SKWkpUt.Q4xiTQ,16,https://uploads-ssl.webflow.com/5f2ad784e8fae48bcf796a04/5f663a8a013a6d5cde0ba425_Youth%20Futures.jpg,false,"Youth Futures (St George) provides safe shelter, collaborative resources, respectful guidance and diverse support to homeless, unaccompanied, runaway and at-risk youth in Northern Utah. Youth Futures provides emergency shelter, temporary residence and supportive services for runaway, homeless, unaccompanied and at-risk youth ages 12-18. The shelter is open 24 hours per day.

Drop-In Services (6:30am-8:00pm - Everyday)

- 3 Hot Meals A Day (6:30am, 12pm, 5pm)
- Access to Hygiene, clothing, food, etc.
- Meet with a Case Manager
- Computer Stations
- Shower Services
- Laundry Services
- Transportation Assistance
- Therapy (Individual/Group/Family) 
- Life Skill Classes 
- Street Outreach: Youth Futures’ Street Outreach is conducted twice per week and provides outreach and crisis services on the streets to youth in St. George",Homeless,Washington County,,,,nm8icZyLskPmJfueTv2qUo,false,false,youthfuturesutah.org,801-528-1214,,,,,,info@yfut.org,"340 E Tabernacle St, St. George, UT 84770",,,,,,
Youth Support Group,O8QG0YCwQw2tZbYeNeiusQ,16,https://hosting.photobucket.com/images/i/lgbtqut/Logo_-_square.jpg,false,YSG is a peer-led support group that meets weekly on Tuesdays. There are two sessions; the 14-20 age group meets from 6:30 p.m. to 8:00 p.m. and the 10-14 age group meets from 6:00 p.m. – 7:30 p.m. An orientation is required. ,Support Circles,Salt Lake County,Youth,,,AkCaKwumFxSoHRAaDBgJaH,false,false,utahpridecenter.org/youth-programs,,,,,,,,,,,,,,
Queerful Counseling,kYrVp6sVSOWenGIZvZjSpA,8,https://storage.googleapis.com/glide-prod.appspot.com/uploads-v2/NSfaaNV0fRhAK9yZqEUi/pub/3OhaAly5tykKWqIzt9D0.jpg,false,"#### Mental health therapy specializing in queerness, sex therapy, and Mormon faith transitions.

Queerness, faith transitions, religious trauma, and sex. I can (and do) talk about these topics all day. Any one of these issues can seem overwhelming and impossible to deal with. As a therapist who has dealt with these issues myself, I bring both professional and personal experience to help you move forward. I know every person's story and life is unique and I won't project my experiences on you. However, you won't have to explain the ""Mormon lingo"" or worry that I won't understand the unique issues queer individuals face in a heteronormative and cisgender world.

When we meet, I want to make sure I understand you holistically and that you feel heard. I then work collaboratively with you to create a personalized plan moving forward. I can draw from a wide variety of modalities and techniques to find what suits you best and will hold a safe space for you as you explore, grow, and heal.

I look forward to working with you as you navigate the challenges that life brings. I provide a therapeutic environment that is nurturing, safe, and free from judgment, and bring skills and experience to make it all feel just a little bit easier. Contact me today to get on my schedule.

#### Providing therapy in-person in Sandy or via telehealth anywhere in Utah.

#### Fees

Individual Sessions $150

Pay by American Express, Discover, Health Savings Account, Mastercard, Visa

#### Insurance

SelectHealth

Out of Network",Mental Health/Counseling,Salt Lake County,,,,,,,psychologytoday.com/us/therapists/colette-dalton-sandy-ut/860415,,,,,,,,"9571 South 700 East STE #101, Sandy, UT 84070",,https://www.instagram.com/queerfulcounseling,,,,
STARS in Action,xl28gJgnQtqfc67WagG.dg,12,https://hosting.photobucket.com/images/i/lgbtqut/OP_STARSBackground.jpg,,"Synergetic Trans Activists, Resources & Support

STARS in Action provides dedicated support for the transgender and gender non-conforming community.

**Our aims:**
- build community in Ogden through social meetings and events
- grow our social footprint in our communities through volunteering opportunities
- provide professional development through workshops and career resources
- offer resources and support to meet our community’s most pressing needs
- magnify our presence and programming through partnerships with community organizations.",Social Groups,Weber County,Trans,,,,,,https://www.ogdenpride.org/ogden-pride-center/stars-in-action/,,https://www.facebook.com/groups/starsinaction/,,,,,info@ogdenpride.org,,,,,,,
Neurobehavioral Center for Growth,TTnviwJ0Sc6NGDj3sXedYg,6,https://storage.googleapis.com/glide-prod.appspot.com/uploads-v2/GLyS34gJTOtHtpGe05Cl/pub/kdwS7CjotvJmt8ItsGgF.png,,"## Let’s grow together.

Treatment paths unique to every child, teen, adult, and family.  We believe in celebrating you.

At NBCG, we offer personalized psychological, developmental, behavioral, and mental health services designed to empower individuals living with an array of complexities.

## We specialize in…",Mental Health/Counseling,Davis County,,Weber County,Salt Lake County,,,,www.neurobcg.com,801-683-1062,,https://www.facebook.com/neurobcg,,,,,,,https://www.instagram.com/neurobcg/,,,,